Date,Num
2010-01-01,2942
2010-01-02,3958
2010-01-03,5676
2010-01-04,9763
2010-01-05,8735
2010-01-06,7178
2010-01-07,7105
2010-01-08,6290
2010-01-09,4020
2010-01-10,4528
2010-01-11,8186
2010-01-12,7237
2010-01-13,7211
2010-01-14,6208
2010-01-15,6104
2010-01-16,3257
2010-01-17,3031
2010-01-18,4202
2010-01-19,6734
2010-01-20,6339
2010-01-21,6753
2010-01-22,6171
2010-01-23,3472
2010-01-24,2943
2010-01-25,8519
2010-01-26,6996
2010-01-27,6960
2010-01-28,7112
2010-01-29,8755
2010-01-30,6606
2010-01-31,4744
2010-02-01,8423
2010-02-02,7365
2010-02-03,6594
2010-02-04,6303
2010-02-05,6131
2010-02-06,3799
2010-02-07,3719
2010-02-08,7510
2010-02-09,6625
2010-02-10,4341
2010-02-11,6437
2010-02-12,7449
2010-02-13,4380
2010-02-14,3251
2010-02-15,4342
2010-02-16,6606
2010-02-17,7773
2010-02-18,7003
2010-02-19,6629
2010-02-20,3854
2010-02-21,3316
2010-02-22,7401
2010-02-23,7242
2010-02-24,7500
2010-02-25,6637
2010-02-26,4886
2010-02-27,4598
2010-02-28,4313
2010-03-01,7899
2010-03-02,7412
2010-03-03,7796
2010-03-04,7195
2010-03-05,6539
2010-03-06,3833
2010-03-07,3337
2010-03-08,7001
2010-03-09,6989
2010-03-10,6837
2010-03-11,6740
2010-03-12,6362
2010-03-13,5547
2010-03-14,6335
2010-03-15,10458
2010-03-16,7975
2010-03-17,7367
2010-03-18,7080
2010-03-19,7056
2010-03-20,3953
2010-03-21,3540
2010-03-22,7346
2010-03-23,7485
2010-03-24,7055
2010-03-25,6628
2010-03-26,6779
2010-03-27,4129
2010-03-28,3512
2010-03-29,7586
2010-03-30,9872
2010-03-31,7394
2010-04-01,6482
2010-04-02,5261
2010-04-03,3206
2010-04-04,2792
2010-04-05,6988
2010-04-06,7027
2010-04-07,6697
2010-04-08,6711
2010-04-09,6682
2010-04-10,3765
2010-04-11,3027
2010-04-12,7189
2010-04-13,6476
2010-04-14,6529
2010-04-15,6632
2010-04-16,6243
2010-04-17,3463
2010-04-18,3154
2010-04-19,7263
2010-04-20,6275
2010-04-21,6565
2010-04-22,5988
2010-04-23,5796
2010-04-24,3509
2010-04-25,2925
2010-04-26,6973
2010-04-27,6445
2010-04-28,7092
2010-04-29,6204
2010-04-30,5513
2010-05-01,3310
2010-05-02,3264
2010-05-03,7783
2010-05-04,6534
2010-05-05,6570
2010-05-06,6376
2010-05-07,5767
2010-05-08,3946
2010-05-09,3614
2010-05-10,7806
2010-05-11,7038
2010-05-12,6579
2010-05-13,5788
2010-05-14,5816
2010-05-15,3253
2010-05-16,2988
2010-05-17,6898
2010-05-18,5822
2010-05-19,6332
2010-05-20,5900
2010-05-21,5726
2010-05-22,3688
2010-05-23,2965
2010-05-24,6350
2010-05-25,6086
2010-05-26,6206
2010-05-27,6587
2010-05-28,5282
2010-05-29,3092
2010-05-30,2650
2010-05-31,3157
2010-06-01,6388
2010-06-02,6177
2010-06-03,5911
2010-06-04,5857
2010-06-05,3225
2010-06-06,3120
2010-06-07,6900
2010-06-08,6134
2010-06-09,5359
2010-06-10,5897
2010-06-11,5182
2010-06-12,3075
2010-06-13,2715
2010-06-14,7036
2010-06-15,6660
2010-06-16,6302
2010-06-17,5846
2010-06-18,5408
2010-06-19,3291
2010-06-20,3000
2010-06-21,7059
2010-06-22,6741
2010-06-23,6461
2010-06-24,6508
2010-06-25,6256
2010-06-26,3435
2010-06-27,3204
2010-06-28,7566
2010-06-29,6748
2010-06-30,6046
2010-07-01,5696
2010-07-02,5120
2010-07-03,3012
2010-07-04,2293
2010-07-05,3933
2010-07-06,7774
2010-07-07,8194
2010-07-08,7267
2010-07-09,5944
2010-07-10,3416
2010-07-11,2989
2010-07-12,6948
2010-07-13,6901
2010-07-14,6004
2010-07-15,6370
2010-07-16,5950
2010-07-17,3834
2010-07-18,3109
2010-07-19,6930
2010-07-20,6801
2010-07-21,6744
2010-07-22,5902
2010-07-23,5517
2010-07-24,3772
2010-07-25,3359
2010-07-26,6938
2010-07-27,6458
2010-07-28,6692
2010-07-29,5695
2010-07-30,5314
2010-07-31,2940
2010-08-01,2597
2010-08-02,6887
2010-08-03,6555
2010-08-04,6422
2010-08-05,6349
2010-08-06,5710
2010-08-07,3220
2010-08-08,2649
2010-08-09,6469
2010-08-10,6466
2010-08-11,6113
2010-08-12,5659
2010-08-13,5473
2010-08-14,3093
2010-08-15,2561
2010-08-16,6121
2010-08-17,6227
2010-08-18,5775
2010-08-19,5924
2010-08-20,5281
2010-08-21,3227
2010-08-22,2698
2010-08-23,6673
2010-08-24,6152
2010-08-25,5987
2010-08-26,5746
2010-08-27,5631
2010-08-28,3352
2010-08-29,2971
2010-08-30,6705
2010-08-31,5871
2010-09-01,6560
2010-09-02,5930
2010-09-03,5889
2010-09-04,3372
2010-09-05,2768
2010-09-06,2905
2010-09-07,6558
2010-09-08,6036
2010-09-09,5689
2010-09-10,5546
2010-09-11,3021
2010-09-12,2740
2010-09-13,6423
2010-09-14,6200
2010-09-15,6087
2010-09-16,7482
2010-09-17,8769
2010-09-18,4447
2010-09-19,3485
2010-09-20,7058
2010-09-21,6663
2010-09-22,6284
2010-09-23,6195
2010-09-24,6036
2010-09-25,3573
2010-09-26,3308
2010-09-27,6637
2010-09-28,6692
2010-09-29,6383
2010-09-30,6765
2010-10-01,7241
2010-10-02,3741
2010-10-03,3277
2010-10-04,7288
2010-10-05,6488
2010-10-06,6538
2010-10-07,6276
2010-10-08,5913
2010-10-09,3245
2010-10-10,3077
2010-10-11,3986
2010-10-12,7134
2010-10-13,6592
2010-10-14,6572
2010-10-15,6627
2010-10-16,4799
2010-10-17,3498
2010-10-18,7384
2010-10-19,7468
2010-10-20,7404
2010-10-21,7133
2010-10-22,7106
2010-10-23,4523
2010-10-24,3041
2010-10-25,6402
2010-10-26,6218
2010-10-27,5796
2010-10-28,5717
2010-10-29,5783
2010-10-30,4434
2010-10-31,3942
2010-11-01,7958
2010-11-02,7551
2010-11-03,7521
2010-11-04,7507
2010-11-05,7495
2010-11-06,4791
2010-11-07,4423
2010-11-08,8981
2010-11-09,8760
2010-11-10,8402
2010-11-11,5246
2010-11-12,6399
2010-11-13,4057
2010-11-14,3135
2010-11-15,6728
2010-11-16,6604
2010-11-17,6901
2010-11-18,6725
2010-11-19,6654
2010-11-20,4108
2010-11-21,3784
2010-11-22,6203
2010-11-23,5635
2010-11-24,6084
2010-11-25,2688
2010-11-26,4374
2010-11-27,4578
2010-11-28,3679
2010-11-29,7437
2010-11-30,6835
2010-12-01,7815
2010-12-02,7330
2010-12-03,6900
2010-12-04,4736
2010-12-05,4374
2010-12-06,9032
2010-12-07,8701
2010-12-08,8041
2010-12-09,7839
2010-12-10,7097
2010-12-11,4144
2010-12-12,3286
2010-12-13,7629
2010-12-14,8872
2010-12-15,8734
2010-12-16,8059
2010-12-17,6899
2010-12-18,4247
2010-12-19,3474
2010-12-20,7125
2010-12-21,7090
2010-12-22,6422
2010-12-23,5794
2010-12-24,3215
2010-12-25,2528
2010-12-26,3034
2010-12-27,3176
2010-12-28,5348
2010-12-29,6266
2010-12-30,5826
2010-12-31,4229
2011-01-01,2966
2011-01-02,3158
2011-01-03,7471
2011-01-04,6834
2011-01-05,6828
2011-01-06,6497
2011-01-07,5519
2011-01-08,4067
2011-01-09,3511
2011-01-10,7625
2011-01-11,6626
2011-01-12,6174
2011-01-13,7289
2011-01-14,6806
2011-01-15,3900
2011-01-16,3211
2011-01-17,4886
2011-01-18,7702
2011-01-19,7074
2011-01-20,6588
2011-01-21,6004
2011-01-22,5375
2011-01-23,4465
2011-01-24,9508
2011-01-25,8316
2011-01-26,6257
2011-01-27,4852
2011-01-28,6784
2011-01-29,4684
2011-01-30,3696
2011-01-31,7307
2011-02-01,6502
2011-02-02,7015
2011-02-03,7577
2011-02-04,6820
2011-02-05,3941
2011-02-06,3426
2011-02-07,7181
2011-02-08,8152
2011-02-09,8334
2011-02-10,7390
2011-02-11,6295
2011-02-12,4083
2011-02-13,3181
2011-02-14,6858
2011-02-15,7509
2011-02-16,7080
2011-02-17,6775
2011-02-18,6561
2011-02-19,4496
2011-02-20,3956
2011-02-21,4224
2011-02-22,7580
2011-02-23,7048
2011-02-24,6086
2011-02-25,6499
2011-02-26,3759
2011-02-27,3230
2011-02-28,6746
2011-03-01,7149
2011-03-02,7106
2011-03-03,7417
2011-03-04,6350
2011-03-05,3789
2011-03-06,3299
2011-03-07,7367
2011-03-08,7049
2011-03-09,7149
2011-03-10,6932
2011-03-11,6972
2011-03-12,3720
2011-03-13,2998
2011-03-14,6871
2011-03-15,7332
2011-03-16,6550
2011-03-17,6173
2011-03-18,5844
2011-03-19,3759
2011-03-20,3120
2011-03-21,6726
2011-03-22,6994
2011-03-23,6350
2011-03-24,6363
2011-03-25,6001
2011-03-26,3991
2011-03-27,3581
2011-03-28,7043
2011-03-29,6512
2011-03-30,6416
2011-03-31,5727
2011-04-01,6099
2011-04-02,3445
2011-04-03,2926
2011-04-04,6096
2011-04-05,5713
2011-04-06,6022
2011-04-07,6747
2011-04-08,5985
2011-04-09,3241
2011-04-10,2785
2011-04-11,6217
2011-04-12,6052
2011-04-13,6254
2011-04-14,6031
2011-04-15,5660
2011-04-16,3818
2011-04-17,2894
2011-04-18,6285
2011-04-19,6396
2011-04-20,6192
2011-04-21,5835
2011-04-22,5061
2011-04-23,3387
2011-04-24,2264
2011-04-25,6567
2011-04-26,5992
2011-04-27,6265
2011-04-28,6249
2011-04-29,5406
2011-04-30,3361
2011-05-01,2693
2011-05-02,6050
2011-05-03,6231
2011-05-04,6081
2011-05-05,5982
2011-05-06,5372
2011-05-07,3038
2011-05-08,2377
2011-05-09,6026
2011-05-10,5971
2011-05-11,6266
2011-05-12,5901
2011-05-13,5474
2011-05-14,3051
2011-05-15,2468
2011-05-16,5872
2011-05-17,6576
2011-05-18,6289
2011-05-19,6184
2011-05-20,5813
2011-05-21,3575
2011-05-22,2517
2011-05-23,5884
2011-05-24,6500
2011-05-25,5844
2011-05-26,6039
2011-05-27,5768
2011-05-28,3143
2011-05-29,2404
2011-05-30,3389
2011-05-31,7358
2011-06-01,6275
2011-06-02,6723
2011-06-03,6175
2011-06-04,3472
2011-06-05,2630
2011-06-06,6577
2011-06-07,6596
2011-06-08,6822
2011-06-09,6844
2011-06-10,6051
2011-06-11,3269
2011-06-12,2626
2011-06-13,6467
2011-06-14,6318
2011-06-15,6168
2011-06-16,6026
2011-06-17,5649
2011-06-18,3602
2011-06-19,2857
2011-06-20,6579
2011-06-21,6597
2011-06-22,6125
2011-06-23,6158
2011-06-24,5524
2011-06-25,3563
2011-06-26,2621
2011-06-27,6465
2011-06-28,6810
2011-06-29,6118
2011-06-30,5879
2011-07-01,5300
2011-07-02,3026
2011-07-03,2123
2011-07-04,2817
2011-07-05,6826
2011-07-06,6628
2011-07-07,6407
2011-07-08,5609
2011-07-09,3181
2011-07-10,2836
2011-07-11,6559
2011-07-12,6833
2011-07-13,6365
2011-07-14,6437
2011-07-15,5697
2011-07-16,3175
2011-07-17,2732
2011-07-18,6196
2011-07-19,6735
2011-07-20,6583
2011-07-21,6707
2011-07-22,7181
2011-07-23,4442
2011-07-24,3426
2011-07-25,6254
2011-07-26,6189
2011-07-27,5888
2011-07-28,5949
2011-07-29,5804
2011-07-30,3402
2011-07-31,2901
2011-08-01,6218
2011-08-02,6537
2011-08-03,5249
2011-08-04,5745
2011-08-05,5579
2011-08-06,3183
2011-08-07,2634
2011-08-08,5930
2011-08-09,6180
2011-08-10,5820
2011-08-11,5964
2011-08-12,5563
2011-08-13,3360
2011-08-14,3511
2011-08-15,7399
2011-08-16,7168
2011-08-17,6237
2011-08-18,6014
2011-08-19,5909
2011-08-20,3453
2011-08-21,2822
2011-08-22,6539
2011-08-23,5748
2011-08-24,6343
2011-08-25,6349
2011-08-26,3409
2011-08-27,1730
2011-08-28,5683
2011-08-29,9563
2011-08-30,8703
2011-08-31,6707
2011-09-01,6397
2011-09-02,6003
2011-09-03,3619
2011-09-04,2976
2011-09-05,3613
2011-09-06,7229
2011-09-07,6494
2011-09-08,7418
2011-09-09,6603
2011-09-10,3375
2011-09-11,3057
2011-09-12,6743
2011-09-13,6853
2011-09-14,6654
2011-09-15,6591
2011-09-16,6503
2011-09-17,4026
2011-09-18,2988
2011-09-19,6052
2011-09-20,6493
2011-09-21,6331
2011-09-22,6361
2011-09-23,6930
2011-09-24,2835
2011-09-25,3234
2011-09-26,6834
2011-09-27,6863
2011-09-28,6127
2011-09-29,6249
2011-09-30,5348
2011-10-01,3184
2011-10-02,2625
2011-10-03,6566
2011-10-04,6527
2011-10-05,6162
2011-10-06,6360
2011-10-07,5842
2011-10-08,3541
2011-10-09,2713
2011-10-10,3889
2011-10-11,6241
2011-10-12,5674
2011-10-13,5595
2011-10-14,6096
2011-10-15,3426
2011-10-16,2848
2011-10-17,6353
2011-10-18,6589
2011-10-19,6377
2011-10-20,5841
2011-10-21,6666
2011-10-22,4262
2011-10-23,3601
2011-10-24,7254
2011-10-25,7282
2011-10-26,6956
2011-10-27,7495
2011-10-28,8790
2011-10-29,6733
2011-10-30,5663
2011-10-31,8883
2011-11-01,8470
2011-11-02,7546
2011-11-03,6668
2011-11-04,6947
2011-11-05,4402
2011-11-06,3637
2011-11-07,6207
2011-11-08,5222
2011-11-09,5915
2011-11-10,5532
2011-11-11,5239
2011-11-12,4309
2011-11-13,3359
2011-11-14,6608
2011-11-15,5860
2011-11-16,6110
2011-11-17,6802
2011-11-18,7087
2011-11-19,4401
2011-11-20,3137
2011-11-21,6876
2011-11-22,6612
2011-11-23,5759
2011-11-24,2879
2011-11-25,4349
2011-11-26,3228
2011-11-27,2876
2011-11-28,5820
2011-11-29,5568
2011-11-30,6837
2011-12-01,7086
2011-12-02,6318
2011-12-03,4419
2011-12-04,3097
2011-12-05,6371
2011-12-06,6143
2011-12-07,6163
2011-12-08,7566
2011-12-09,6442
2011-12-10,4167
2011-12-11,4174
2011-12-12,7380
2011-12-13,6699
2011-12-14,5911
2011-12-15,5890
2011-12-16,5571
2011-12-17,3927
2011-12-18,4273
2011-12-19,7015
2011-12-20,5936
2011-12-21,5233
2011-12-22,5068
2011-12-23,4333
2011-12-24,3077
2011-12-25,2299
2011-12-26,3466
2011-12-27,5750
2011-12-28,6452
2011-12-29,7203
2011-12-30,4692
2011-12-31,2599
2012-01-01,2448
2012-01-02,3814
2012-01-03,8133
2012-01-04,10027
2012-01-05,7303
2012-01-06,6128
2012-01-07,3226
2012-01-08,3041
2012-01-09,6661
2012-01-10,6123
2012-01-11,5809
2012-01-12,5735
2012-01-13,6082
2012-01-14,4499
2012-01-15,4495
2012-01-16,5849
2012-01-17,6776
2012-01-18,6666
2012-01-19,6910
2012-01-20,6116
2012-01-21,4328
2012-01-22,4099
2012-01-23,6348
2012-01-24,5871
2012-01-25,5640
2012-01-26,5519
2012-01-27,5487
2012-01-28,3539
2012-01-29,3198
2012-01-30,6008
2012-01-31,5671
2012-02-01,5546
2012-02-02,5958
2012-02-03,5413
2012-02-04,3402
2012-02-05,2978
2012-02-06,5526
2012-02-07,5647
2012-02-08,6222
2012-02-09,5421
2012-02-10,5029
2012-02-11,3530
2012-02-12,3756
2012-02-13,6183
2012-02-14,5279
2012-02-15,5355
2012-02-16,5168
2012-02-17,4936
2012-02-18,2903
2012-02-19,2853
2012-02-20,3547
2012-02-21,5938
2012-02-22,5275
2012-02-23,5185
2012-02-24,5029
2012-02-25,3472
2012-02-26,3284
2012-02-27,5452
2012-02-28,5303
2012-02-29,5300
2012-03-01,5513
2012-03-02,5004
2012-03-03,3033
2012-03-04,3016
2012-03-05,6318
2012-03-06,6102
2012-03-07,5545
2012-03-08,5325
2012-03-09,5172
2012-03-10,3335
2012-03-11,2855
2012-03-12,5497
2012-03-13,5539
2012-03-14,5821
2012-03-15,5558
2012-03-16,4919
2012-03-17,3177
2012-03-18,2902
2012-03-19,5573
2012-03-20,5344
2012-03-21,5792
2012-03-22,5372
2012-03-23,5065
2012-03-24,3048
2012-03-25,3040
2012-03-26,6393
2012-03-27,6203
2012-03-28,5324
2012-03-29,5632
2012-03-30,4841
2012-03-31,3420
2012-04-01,3124
2012-04-02,5608
2012-04-03,5560
2012-04-04,5052
2012-04-05,4892
2012-04-06,4150
2012-04-07,2961
2012-04-08,2405
2012-04-09,5619
2012-04-10,5186
2012-04-11,5150
2012-04-12,4924
2012-04-13,4583
2012-04-14,2982
2012-04-15,2980
2012-04-16,5852
2012-04-17,5369
2012-04-18,5407
2012-04-19,5237
2012-04-20,4793
2012-04-21,3040
2012-04-22,2736
2012-04-23,6159
2012-04-24,6022
2012-04-25,5695
2012-04-26,5467
2012-04-27,5170
2012-04-28,3505
2012-04-29,2519
2012-04-30,5514
2012-05-01,5473
2012-05-02,5220
2012-05-03,5040
2012-05-04,5227
2012-05-05,2712
2012-05-06,2755
2012-05-07,5483
2012-05-08,5283
2012-05-09,5503
2012-05-10,5060
2012-05-11,4970
2012-05-12,3013
2012-05-13,2762
2012-05-14,5584
2012-05-15,4864
2012-05-16,5733
2012-05-17,5137
2012-05-18,5225
2012-05-19,3208
2012-05-20,2943
2012-05-21,5850
2012-05-22,5764
2012-05-23,5910
2012-05-24,5287
2012-05-25,5074
2012-05-26,2993
2012-05-27,2898
2012-05-28,3668
2012-05-29,6670
2012-05-30,6202
2012-05-31,5999
2012-06-01,5369
2012-06-02,3279
2012-06-03,2808
2012-06-04,5770
2012-06-05,5592
2012-06-06,5470
2012-06-07,5251
2012-06-08,5157
2012-06-09,3485
2012-06-10,2856
2012-06-11,5965
2012-06-12,5126
2012-06-13,6012
2012-06-14,5643
2012-06-15,5253
2012-06-16,3586
2012-06-17,3211
2012-06-18,6256
2012-06-19,5975
2012-06-20,6103
2012-06-21,6960
2012-06-22,6076
2012-06-23,4060
2012-06-24,3252
2012-06-25,6156
2012-06-26,5827
2012-06-27,5646
2012-06-28,6066
2012-06-29,5748
2012-06-30,4377
2012-07-01,3687
2012-07-02,6626
2012-07-03,6011
2012-07-04,3215
2012-07-05,6493
2012-07-06,5764
2012-07-07,4174
2012-07-08,3549
2012-07-09,6433
2012-07-10,6158
2012-07-11,6073
2012-07-12,5761
2012-07-13,5387
2012-07-14,3317
2012-07-15,2895
2012-07-16,6038
2012-07-17,5933
2012-07-18,6149
2012-07-19,5873
2012-07-20,4710
2012-07-21,3329
2012-07-22,3096
2012-07-23,5504
2012-07-24,5829
2012-07-25,5608
2012-07-26,5739
2012-07-27,5504
2012-07-28,3349
2012-07-29,3078
2012-07-30,5937
2012-07-31,5565
2012-08-01,5474
2012-08-02,5517
2012-08-03,5379
2012-08-04,3122
2012-08-05,2950
2012-08-06,6071
2012-08-07,6033
2012-08-08,5680
2012-08-09,5238
2012-08-10,5235
2012-08-11,3160
2012-08-12,3051
2012-08-13,5982
2012-08-14,5801
2012-08-15,6119
2012-08-16,5489
2012-08-17,5186
2012-08-18,3690
2012-08-19,3239
2012-08-20,5561
2012-08-21,5698
2012-08-22,5373
2012-08-23,5252
2012-08-24,5113
2012-08-25,3670
2012-08-26,3121
2012-08-27,5497
2012-08-28,5236
2012-08-29,5579
2012-08-30,5383
2012-08-31,4400
2012-09-01,3378
2012-09-02,3146
2012-09-03,3130
2012-09-04,5688
2012-09-05,5352
2012-09-06,5562
2012-09-07,5067
2012-09-08,4161
2012-09-09,3220
2012-09-10,6321
2012-09-11,5776
2012-09-12,5610
2012-09-13,5461
2012-09-14,4974
2012-09-15,3630
2012-09-16,3219
2012-09-17,5438
2012-09-18,6174
2012-09-19,5954
2012-09-20,5217
2012-09-21,5429
2012-09-22,3517
2012-09-23,3092
2012-09-24,5764
2012-09-25,5782
2012-09-26,5067
2012-09-27,5689
2012-09-28,5676
2012-09-29,3405
2012-09-30,3071
2012-10-01,5422
2012-10-02,5167
2012-10-03,5773
2012-10-04,5584
2012-10-05,5149
2012-10-06,3267
2012-10-07,2879
2012-10-08,4328
2012-10-09,5923
2012-10-10,5686
2012-10-11,6173
2012-10-12,6575
2012-10-13,4815
2012-10-14,3048
2012-10-15,6035
2012-10-16,5772
2012-10-17,6154
2012-10-18,5368
2012-10-19,4728
2012-10-20,3430
2012-10-21,3043
2012-10-22,5616
2012-10-23,5491
2012-10-24,5464
2012-10-25,5331
2012-10-26,5155
2012-10-27,3781
2012-10-28,2237
2012-10-29,6293
2012-10-30,6144
2012-10-31,7032
2012-11-01,6280
2012-11-02,7310
2012-11-03,5306
2012-11-04,4294
2012-11-05,7458
2012-11-06,6933
2012-11-07,8734
2012-11-08,9434
2012-11-09,6487
2012-11-10,4229
2012-11-11,3382
2012-11-12,4792
2012-11-13,6362
2012-11-14,6419
2012-11-15,6443
2012-11-16,5905
2012-11-17,3972
2012-11-18,3924
2012-11-19,7125
2012-11-20,6182
2012-11-21,4737
2012-11-22,2573
2012-11-23,4177
2012-11-24,4170
2012-11-25,4080
2012-11-26,7017
2012-11-27,6945
2012-11-28,6685
2012-11-29,6566
2012-11-30,5754
2012-12-01,4615
2012-12-02,3145
2012-12-03,5948
2012-12-04,5761
2012-12-05,5999
2012-12-06,6374
2012-12-07,5725
2012-12-08,3582
2012-12-09,3377
2012-12-10,5823
2012-12-11,5846
2012-12-12,6076
2012-12-13,5884
2012-12-14,5303
2012-12-15,3747
2012-12-16,3346
2012-12-17,5937
2012-12-18,5585
2012-12-19,5798
2012-12-20,5507
2012-12-21,5932
2012-12-22,4336
2012-12-23,3337
2012-12-24,4036
2012-12-25,2502
2012-12-26,6390
2012-12-27,7721
2012-12-28,6052
2012-12-29,3922
2012-12-30,4129
2012-12-31,5168
2013-01-01,3356
2013-01-02,7266
2013-01-03,6853
2013-01-04,6164
2013-01-05,4102
2013-01-06,3413
2013-01-07,6286
2013-01-08,6445
2013-01-09,5985
2013-01-10,5828
2013-01-11,5478
2013-01-12,3542
2013-01-13,3110
2013-01-14,5582
2013-01-15,5955
2013-01-16,5740
2013-01-17,5305
2013-01-18,6070
2013-01-19,3817
2013-01-20,2621
2013-01-21,5169
2013-01-22,8409
2013-01-23,8389
2013-01-24,11776
2013-01-25,8246
2013-01-26,5530
2013-01-27,4707
2013-01-28,7066
2013-01-29,6361
2013-01-30,6076
2013-01-31,7079
2013-02-01,6656
2013-02-02,4739
2013-02-03,3916
2013-02-04,6675
2013-02-05,6649
2013-02-06,6236
2013-02-07,6085
2013-02-08,5382
2013-02-09,3716
2013-02-10,4142
2013-02-11,6403
2013-02-12,5855
2013-02-13,6075
2013-02-14,5607
2013-02-15,5243
2013-02-16,3580
2013-02-17,3726
2013-02-18,5400
2013-02-19,6526
2013-02-20,5945
2013-02-21,7291
2013-02-22,6140
2013-02-23,3830
2013-02-24,3555
2013-02-25,6283
2013-02-26,5727
2013-02-27,6723
2013-02-28,5718
2013-03-01,5156
2013-03-02,3622
2013-03-03,3440
2013-03-04,6266
2013-03-05,6157
2013-03-06,6669
2013-03-07,6020
2013-03-08,5164
2013-03-09,3587
2013-03-10,3171
2013-03-11,6274
2013-03-12,6057
2013-03-13,5959
2013-03-14,6229
2013-03-15,5558
2013-03-16,3667
2013-03-17,3381
2013-03-18,6630
2013-03-19,6512
2013-03-20,5971
2013-03-21,5501
2013-03-22,5769
2013-03-23,3806
2013-03-24,3176
2013-03-25,5649
2013-03-26,5611
2013-03-27,5694
2013-03-28,5080
2013-03-29,4549
2013-03-30,3220
2013-03-31,2778
2013-04-01,5906
2013-04-02,6006
2013-04-03,6281
2013-04-04,5812
2013-04-05,5534
2013-04-06,3509
2013-04-07,3173
2013-04-08,5999
2013-04-09,5714
2013-04-10,5684
2013-04-11,5445
2013-04-12,5664
2013-04-13,3648
2013-04-14,3252
2013-04-15,5653
2013-04-16,5808
2013-04-17,5549
2013-04-18,5340
2013-04-19,5117
2013-04-20,3408
2013-04-21,3612
2013-04-22,5986
2013-04-23,6067
2013-04-24,5383
2013-04-25,5618
2013-04-26,5289
2013-04-27,3868
2013-04-28,3369
2013-04-29,5679
2013-04-30,5464
2013-05-01,5538
2013-05-02,5026
2013-05-03,5498
2013-05-04,3623
2013-05-05,3311
2013-05-06,5919
2013-05-07,5546
2013-05-08,6522
2013-05-09,5650
2013-05-10,4630
2013-05-11,3901
2013-05-12,3514
2013-05-13,6136
2013-05-14,5657
2013-05-15,5479
2013-05-16,5531
2013-05-17,5096
2013-05-18,4088
2013-05-19,3134
2013-05-20,6290
2013-05-21,5741
2013-05-22,5818
2013-05-23,5394
2013-05-24,4417
2013-05-25,3410
2013-05-26,3419
2013-05-27,3639
2013-05-28,5900
2013-05-29,6062
2013-05-30,5973
2013-05-31,5505
2013-06-01,4100
2013-06-02,3592
2013-06-03,5674
2013-06-04,5915
2013-06-05,6205
2013-06-06,5658
2013-06-07,5485
2013-06-08,4449
2013-06-09,4005
2013-06-10,6073
2013-06-11,6504
2013-06-12,6318
2013-06-13,5950
2013-06-14,5899
2013-06-15,4067
2013-06-16,3820
2013-06-17,6519
2013-06-18,6315
2013-06-19,6072
2013-06-20,5902
2013-06-21,5890
2013-06-22,3944
2013-06-23,3559
2013-06-24,6650
2013-06-25,6354
2013-06-26,6001
2013-06-27,6200
2013-06-28,5932
2013-06-29,3669
2013-06-30,3193
2013-07-01,6371
2013-07-02,6199
2013-07-03,5895
2013-07-04,3211
2013-07-05,5072
2013-07-06,3426
2013-07-07,3436
2013-07-08,6586
2013-07-09,6697
2013-07-10,6308
2013-07-11,5696
2013-07-12,5212
2013-07-13,3321
2013-07-14,3457
2013-07-15,6475
2013-07-16,6547
2013-07-17,6677
2013-07-18,6504
2013-07-19,6173
2013-07-20,3851
2013-07-21,3750
2013-07-22,6412
2013-07-23,6059
2013-07-24,5870
2013-07-25,5524
2013-07-26,5640
2013-07-27,3517
2013-07-28,3109
2013-07-29,6278
2013-07-30,5794
2013-07-31,5818
2013-08-01,5029
2013-08-02,5194
2013-08-03,3351
2013-08-04,3260
2013-08-05,6121
2013-08-06,6137
2013-08-07,5451
2013-08-08,5215
2013-08-09,4874
2013-08-10,3273
2013-08-11,3139
2013-08-12,5629
2013-08-13,5736
2013-08-14,5553
2013-08-15,5479
2013-08-16,5275
2013-08-17,3802
2013-08-18,3430
2013-08-19,5539
2013-08-20,5607
2013-08-21,5068
2013-08-22,5181
2013-08-23,5044
2013-08-24,3625
2013-08-25,3301
2013-08-26,5321
2013-08-27,5224
2013-08-28,5382
2013-08-29,5327
2013-08-30,4586
2013-08-31,3176
2013-09-01,3099
2013-09-02,3150
2013-09-03,6013
2013-09-04,5398
2013-09-05,5376
2013-09-06,4854
2013-09-07,3761
2013-09-08,3478
2013-09-09,5318
2013-09-10,5665
2013-09-11,5516
2013-09-12,5429
2013-09-13,4872
2013-09-14,3164
2013-09-15,3301
2013-09-16,5572
2013-09-17,5124
2013-09-18,5902
2013-09-19,5047
2013-09-20,4592
2013-09-21,3763
2013-09-22,3109
2013-09-23,4960
2013-09-24,5872
2013-09-25,5361
2013-09-26,5144
2013-09-27,4785
2013-09-28,3517
2013-09-29,3287
2013-09-30,5268
2013-10-01,5440
2013-10-02,5433
2013-10-03,5456
2013-10-04,5369
2013-10-05,3257
2013-10-06,2893
2013-10-07,5692
2013-10-08,5681
2013-10-09,5657
2013-10-10,5211
2013-10-11,4718
2013-10-12,2920
2013-10-13,2610
2013-10-14,3750
2013-10-15,5507
2013-10-16,5559
2013-10-17,5217
2013-10-18,5170
2013-10-19,3442
2013-10-20,2990
2013-10-21,6013
2013-10-22,5684
2013-10-23,6758
2013-10-24,7020
2013-10-25,6816
2013-10-26,4226
2013-10-27,3457
2013-10-28,5922
2013-10-29,6355
2013-10-30,5604
2013-10-31,5117
2013-11-01,5049
2013-11-02,3544
2013-11-03,3908
2013-11-04,6548
2013-11-05,5773
2013-11-06,5609
2013-11-07,5349
2013-11-08,6155
2013-11-09,3642
2013-11-10,3422
2013-11-11,4469
2013-11-12,7360
2013-11-13,7208
2013-11-14,6360
2013-11-15,5370
2013-11-16,4018
2013-11-17,3022
2013-11-18,5823
2013-11-19,6785
2013-11-20,6172
2013-11-21,6307
2013-11-22,4510
2013-11-23,2518
2013-11-24,6067
2013-11-25,9642
2013-11-26,7265
2013-11-27,5711
2013-11-28,3194
2013-11-29,4557
2013-11-30,4230
2013-12-01,3280
2013-12-02,5414
2013-12-03,5765
2013-12-04,5693
2013-12-05,5668
2013-12-06,5326
2013-12-07,3926
2013-12-08,4475
2013-12-09,6551
2013-12-10,6333
2013-12-11,6612
2013-12-12,7452
2013-12-13,6613
2013-12-14,4360
2013-12-15,4488
2013-12-16,6929
2013-12-17,6309
2013-12-18,6120
2013-12-19,5657
2013-12-20,5090
2013-12-21,3427
2013-12-22,3263
2013-12-23,5398
2013-12-24,4341
2013-12-25,3171
2013-12-26,5807
2013-12-27,5098
2013-12-28,3302
2013-12-29,3360
2013-12-30,5794
2013-12-31,5136
2014-01-01,3843
2014-01-02,6228
2014-01-03,6352
2014-01-04,7410
2014-01-05,5621
2014-01-06,7075
2014-01-07,11325
2014-01-08,11068
2014-01-09,8785
2014-01-10,6769
2014-01-11,4428
2014-01-12,4596
2014-01-13,6718
2014-01-14,6844
2014-01-15,6688
2014-01-16,6663
2014-01-17,6407
2014-01-18,4080
2014-01-19,4352
2014-01-20,4717
2014-01-21,6883
2014-01-22,8731
2014-01-23,10109
2014-01-24,9077
2014-01-25,6468
2014-01-26,5477
2014-01-27,7959
2014-01-28,8405
2014-01-29,7887
2014-01-30,8202
2014-01-31,6098
2014-02-01,4655
2014-02-02,3565
2014-02-03,6263
2014-02-04,6952
2014-02-05,7125
2014-02-06,8848
2014-02-07,7680
2014-02-08,5615
2014-02-09,4728
2014-02-10,7399
2014-02-11,7857
2014-02-12,7268
2014-02-13,6398
2014-02-14,6755
2014-02-15,4932
2014-02-16,4932
2014-02-17,6900
2014-02-18,6996
2014-02-19,7217
2014-02-20,6751
2014-02-21,6862
2014-02-22,4470
2014-02-23,4424
2014-02-24,7596
2014-02-25,7505
2014-02-26,7344
2014-02-27,7283
2014-02-28,7696
2014-03-01,4855
2014-03-02,4154
2014-03-03,6767
2014-03-04,7126
2014-03-05,6844
2014-03-06,7020
2014-03-07,6063
2014-03-08,4437
2014-03-09,3987
2014-03-10,6538
2014-03-11,6238
2014-03-12,6174
2014-03-13,6922
2014-03-14,6547
2014-03-15,4247
2014-03-16,4359
2014-03-17,6454
2014-03-18,6666
2014-03-19,6663
2014-03-20,6437
2014-03-21,6001
2014-03-22,4641
2014-03-23,4222
2014-03-24,7462
2014-03-25,6170
2014-03-26,6316
2014-03-27,6171
2014-03-28,5432
2014-03-29,4045
2014-03-30,4539
2014-03-31,6530
2014-04-01,6424
2014-04-02,6221
2014-04-03,6204
2014-04-04,5938
2014-04-05,4365
2014-04-06,3878
2014-04-07,6176
2014-04-08,6437
2014-04-09,6051
2014-04-10,5937
2014-04-11,5851
2014-04-12,3932
2014-04-13,3935
2014-04-14,6097
2014-04-15,5386
2014-04-16,6201
2014-04-17,6062
2014-04-18,5117
2014-04-19,3598
2014-04-20,3287
2014-04-21,6035
2014-04-22,5797
2014-04-23,6054
2014-04-24,5960
2014-04-25,5627
2014-04-26,4204
2014-04-27,3830
2014-04-28,6389
2014-04-29,6071
2014-04-30,7430
2014-05-01,8011
2014-05-02,6055
2014-05-03,4515
2014-05-04,3881
2014-05-05,6763
2014-05-06,6607
2014-05-07,6002
2014-05-08,6322
2014-05-09,5890
2014-05-10,4513
2014-05-11,4447
2014-05-12,6938
2014-05-13,6443
2014-05-14,6462
2014-05-15,5915
2014-05-16,6312
2014-05-17,5131
2014-05-18,4545
2014-05-19,6434
2014-05-20,6608
2014-05-21,6740
2014-05-22,5967
2014-05-23,5664
2014-05-24,3923
2014-05-25,4603
2014-05-26,4842
2014-05-27,7332
2014-05-28,6526
2014-05-29,6164
2014-05-30,6541
2014-05-31,4733
2014-06-01,4664
2014-06-02,6612
2014-06-03,6462
2014-06-04,6524
2014-06-05,6044
2014-06-06,6090
2014-06-07,4760
2014-06-08,4516
2014-06-09,7018
2014-06-10,7042
2014-06-11,6491
2014-06-12,6213
2014-06-13,6497
2014-06-14,4907
2014-06-15,4927
2014-06-16,7225
2014-06-17,6933
2014-06-18,7173
2014-06-19,6692
2014-06-20,6573
2014-06-21,5162
2014-06-22,4571
2014-06-23,6792
2014-06-24,7326
2014-06-25,6596
2014-06-26,6777
2014-06-27,6439
2014-06-28,4727
2014-06-29,4490
2014-06-30,6760
2014-07-01,6705
2014-07-02,6862
2014-07-03,6491
2014-07-04,3455
2014-07-05,4594
2014-07-06,4308
2014-07-07,7157
2014-07-08,7224
2014-07-09,7749
2014-07-10,6857
2014-07-11,6271
2014-07-12,4482
2014-07-13,4017
2014-07-14,6818
2014-07-15,7241
2014-07-16,6909
2014-07-17,6573
2014-07-18,6157
2014-07-19,4450
2014-07-20,4277
2014-07-21,6702
2014-07-22,6360
2014-07-23,6138
2014-07-24,6213
2014-07-25,5949
2014-07-26,4588
2014-07-27,4172
2014-07-28,6767
2014-07-29,6252
2014-07-30,6034
2014-07-31,5855
2014-08-01,5612
2014-08-02,4252
2014-08-03,3975
2014-08-04,5444
2014-08-05,6528
2014-08-06,6169
2014-08-07,6103
2014-08-08,6193
2014-08-09,4433
2014-08-10,4189
2014-08-11,6486
2014-08-12,5861
2014-08-13,6385
2014-08-14,5701
2014-08-15,5386
2014-08-16,4707
2014-08-17,3996
2014-08-18,6151
2014-08-19,6408
2014-08-20,6102
2014-08-21,5711
2014-08-22,5159
2014-08-23,4631
2014-08-24,4264
2014-08-25,6013
2014-08-26,6097
2014-08-27,5686
2014-08-28,5912
2014-08-29,5289
2014-08-30,4113
2014-08-31,3971
2014-09-01,4001
2014-09-02,6742
2014-09-03,6139
2014-09-04,6553
2014-09-05,6090
2014-09-06,4533
2014-09-07,3989
2014-09-08,6522
2014-09-09,5852
2014-09-10,5884
2014-09-11,5775
2014-09-12,5574
2014-09-13,3782
2014-09-14,3563
2014-09-15,5887
2014-09-16,6096
2014-09-17,6387
2014-09-18,6067
2014-09-19,5797
2014-09-20,4687
2014-09-21,4120
2014-09-22,6319
2014-09-23,5907
2014-09-24,5954
2014-09-25,4853
2014-09-26,5541
2014-09-27,4681
2014-09-28,3955
2014-09-29,6617
2014-09-30,5656
2014-10-01,5965
2014-10-02,5838
2014-10-03,5503
2014-10-04,4181
2014-10-05,4132
2014-10-06,6415
2014-10-07,6231
2014-10-08,5945
2014-10-09,5696
2014-10-10,5477
2014-10-11,4105
2014-10-12,4101
2014-10-13,4110
2014-10-14,6096
2014-10-15,5860
2014-10-16,5855
2014-10-17,5704
2014-10-18,4295
2014-10-19,4709
2014-10-20,8068
2014-10-21,6380
2014-10-22,6267
2014-10-23,7463
2014-10-24,6494
2014-10-25,4804
2014-10-26,4250
2014-10-27,6954
2014-10-28,6399
2014-10-29,5811
2014-10-30,6827
2014-10-31,6624
2014-11-01,5695
2014-11-02,6407
2014-11-03,7939
2014-11-04,5389
2014-11-05,6258
2014-11-06,6217
2014-11-07,6414
2014-11-08,5468
2014-11-09,4277
2014-11-10,6872
2014-11-11,4876
2014-11-12,6181
2014-11-13,7307
2014-11-14,7257
2014-11-15,5986
2014-11-16,5165
2014-11-17,7313
2014-11-18,9191
2014-11-19,9144
2014-11-20,7196
2014-11-21,7166
2014-11-22,4925
2014-11-23,4071
2014-11-24,6264
2014-11-25,5557
2014-11-26,5571
2014-11-27,3592
2014-11-28,5346
2014-11-29,4652
2014-11-30,4247
2014-12-01,7085
2014-12-02,7087
2014-12-03,6443
2014-12-04,6851
2014-12-05,6222
2014-12-06,4337
2014-12-07,4964
2014-12-08,8385
2014-12-09,9071
2014-12-10,7064
2014-12-11,6687
2014-12-12,6702
2014-12-13,4835
2014-12-14,4170
2014-12-15,6604
2014-12-16,6334
2014-12-17,6014
2014-12-18,6181
2014-12-19,5630
2014-12-20,4569
2014-12-21,4179
2014-12-22,6450
2014-12-23,5102
2014-12-24,4244
2014-12-25,2965
2014-12-26,4180
2014-12-27,3534
2014-12-28,3713
2014-12-29,6954
2014-12-30,6540
2014-12-31,5423
2015-01-01,4203
2015-01-02,5471
2015-01-03,4192
2015-01-04,3891
2015-01-05,7427
2015-01-06,7810
2015-01-07,9101
2015-01-08,11530
2015-01-09,8133
2015-01-10,6072
2015-01-11,5343
2015-01-12,6803
2015-01-13,7067
2015-01-14,6293
2015-01-15,5602
2015-01-16,6028
2015-01-17,5195
2015-01-18,4514
2015-01-19,4951
2015-01-20,6838
2015-01-21,7033
2015-01-22,6666
2015-01-23,6568
2015-01-24,4809
2015-01-25,4185
2015-01-26,6241
2015-01-27,4980
2015-01-28,7602
2015-01-29,7077
2015-01-30,6077
2015-01-31,6434
2015-02-01,4894
2015-02-02,7215
2015-02-03,9171
2015-02-04,8136
2015-02-05,7241
2015-02-06,7383
2015-02-07,5042
2015-02-08,4827
2015-02-09,6750
2015-02-10,6484
2015-02-11,6458
2015-02-12,6395
2015-02-13,7516
2015-02-14,5319
2015-02-15,6187
2015-02-16,10383
2015-02-17,8320
2015-02-18,7306
2015-02-19,7731
2015-02-20,9252
2015-02-21,6374
2015-02-22,5823
2015-02-23,8692
2015-02-24,8893
2015-02-25,7796
2015-02-26,7559
2015-02-27,6811
2015-02-28,5522
2015-03-01,4834
2015-03-02,7109
2015-03-03,7426
2015-03-04,7697
2015-03-05,6460
2015-03-06,7301
2015-03-07,5523
2015-03-08,4969
2015-03-09,7744
2015-03-10,8082
2015-03-11,8183
2015-03-12,8241
2015-03-13,7084
2015-03-14,5330
2015-03-15,5230
2015-03-16,7806
2015-03-17,7493
2015-03-18,8031
2015-03-19,7467
2015-03-20,6684
2015-03-21,5018
2015-03-22,4632
2015-03-23,7544
2015-03-24,7064
2015-03-25,6738
2015-03-26,6767
2015-03-27,7013
2015-03-28,4875
2015-03-29,4572
2015-03-30,7250
2015-03-31,7206
2015-04-01,6953
2015-04-02,6607
2015-04-03,5709
2015-04-04,4565
2015-04-05,3873
2015-04-06,6814
2015-04-07,6969
2015-04-08,7086
2015-04-09,6723
2015-04-10,6017
2015-04-11,4645
2015-04-12,4440
2015-04-13,6706
2015-04-14,6729
2015-04-15,6800
2015-04-16,6548
2015-04-17,6476
2015-04-18,5312
2015-04-19,4681
2015-04-20,7321
2015-04-21,6992
2015-04-22,6920
2015-04-23,7382
2015-04-24,6863
2015-04-25,5092
2015-04-26,4621
2015-04-27,7022
2015-04-28,6911
2015-04-29,7068
2015-04-30,6503
2015-05-01,6470
2015-05-02,4657
2015-05-03,5118
2015-05-04,7122
2015-05-05,7195
2015-05-06,6912
2015-05-07,6906
2015-05-08,6354
2015-05-09,5176
2015-05-10,5244
2015-05-11,7350
2015-05-12,7338
2015-05-13,6452
2015-05-14,6747
2015-05-15,6275
2015-05-16,4659
2015-05-17,4868
2015-05-18,6880
2015-05-19,6916
2015-05-20,6868
2015-05-21,6352
2015-05-22,5640
2015-05-23,4720
2015-05-24,4722
2015-05-25,5027
2015-05-26,7415
2015-05-27,7005
2015-05-28,7229
2015-05-29,6729
2015-05-30,5575
2015-05-31,5241
2015-06-01,7640
2015-06-02,6833
2015-06-03,7117
2015-06-04,6607
2015-06-05,6255
2015-06-06,5553
2015-06-07,5308
2015-06-08,7118
2015-06-09,7034
2015-06-10,7146
2015-06-11,7060
2015-06-12,7045
2015-06-13,5644
2015-06-14,5219
2015-06-15,8009
2015-06-16,7884
2015-06-17,7325
2015-06-18,6789
2015-06-19,6804
2015-06-20,5168
2015-06-21,5162
2015-06-22,7655
2015-06-23,7619
2015-06-24,8081
2015-06-25,7444
2015-06-26,6771
2015-06-27,4625
2015-06-28,5154
2015-06-29,8255
2015-06-30,7352
2015-07-01,7673
2015-07-02,6392
2015-07-03,4836
2015-07-04,4380
2015-07-05,4649
2015-07-06,7012
2015-07-07,7101
2015-07-08,7186
2015-07-09,6595
2015-07-10,6301
2015-07-11,5088
2015-07-12,5001
2015-07-13,7489
2015-07-14,7157
2015-07-15,7396
2015-07-16,7086
2015-07-17,6260
2015-07-18,5138
2015-07-19,5134
2015-07-20,8194
2015-07-21,7607
2015-07-22,7005
2015-07-23,7080
2015-07-24,6169
2015-07-25,5225
2015-07-26,4474
2015-07-27,7385
2015-07-28,6762
2015-07-29,7167
2015-07-30,7036
2015-07-31,6699
2015-08-01,5142
2015-08-02,4904
2015-08-03,7058
2015-08-04,7256
2015-08-05,7292
2015-08-06,6755
2015-08-07,6506
2015-08-08,5142
2015-08-09,4794
2015-08-10,7124
2015-08-11,6347
2015-08-12,6610
2015-08-13,6520
2015-08-14,6116
2015-08-15,4960
2015-08-16,4636
2015-08-17,6650
2015-08-18,7212
2015-08-19,7097
2015-08-20,6374
2015-08-21,6229
2015-08-22,5008
2015-08-23,4788
2015-08-24,6615
2015-08-25,6814
2015-08-26,6429
2015-08-27,6440
2015-08-28,6082
2015-08-29,5415
2015-08-30,4507
2015-08-31,6888
2015-09-01,7857
2015-09-02,6701
2015-09-03,6217
2015-09-04,6236
2015-09-05,4951
2015-09-06,5173
2015-09-07,4936
2015-09-08,7174
2015-09-09,6905
2015-09-10,6730
2015-09-11,6722
2015-09-12,4903
2015-09-13,4644
2015-09-14,6730
2015-09-15,6570
2015-09-16,6842
2015-09-17,6826
2015-09-18,6526
2015-09-19,5549
2015-09-20,4797
2015-09-21,7220
2015-09-22,6632
2015-09-23,6661
2015-09-24,6353
2015-09-25,6040
2015-09-26,5354
2015-09-27,4921
2015-09-28,6671
2015-09-29,6281
2015-09-30,6974
2015-10-01,6301
2015-10-02,6914
2015-10-03,7333
2015-10-04,5597
2015-10-05,7191
2015-10-06,6547
2015-10-07,6964
2015-10-08,6620
2015-10-09,6106
2015-10-10,4706
2015-10-11,4624
2015-10-12,4969
2015-10-13,7328
2015-10-14,6411
2015-10-15,6620
2015-10-16,6794
2015-10-17,6357
2015-10-18,7338
2015-10-19,9818
2015-10-20,7459
2015-10-21,6877
2015-10-22,6381
2015-10-23,6447
2015-10-24,5974
2015-10-25,4667
2015-10-26,7521
2015-10-27,7383
2015-10-28,6798
2015-10-29,6614
2015-10-30,6458
2015-10-31,5486
2015-11-01,4634
2015-11-02,6664
2015-11-03,5985
2015-11-04,6449
2015-11-05,6461
2015-11-06,6452
2015-11-07,5063
2015-11-08,4747
2015-11-09,7626
2015-11-10,6270
2015-11-11,4719
2015-11-12,5592
2015-11-13,9989
2015-11-14,6292
2015-11-15,5243
2015-11-16,7045
2015-11-17,7608
2015-11-18,7329
2015-11-19,6416
2015-11-20,6900
2015-11-21,5592
2015-11-22,5346
2015-11-23,8593
2015-11-24,7886
2015-11-25,6239
2015-11-26,3658
2015-11-27,4608
2015-11-28,4191
2015-11-29,4788
2015-11-30,7967
2015-12-01,6916
2015-12-02,6639
2015-12-03,7063
2015-12-04,6857
2015-12-05,5214
2015-12-06,4777
2015-12-07,7301
2015-12-08,6719
2015-12-09,6556
2015-12-10,6120
2015-12-11,5940
2015-12-12,5065
2015-12-13,4281
2015-12-14,6478
2015-12-15,6477
2015-12-16,6374
2015-12-17,5912
2015-12-18,6019
2015-12-19,5929
2015-12-20,4893
2015-12-21,6610
2015-12-22,5473
2015-12-23,5380
2015-12-24,4595
2015-12-25,3247
2015-12-26,3403
2015-12-27,3910
2015-12-28,6740
2015-12-29,6742
2015-12-30,6418
2015-12-31,4785
2016-01-01,4329
2016-01-02,4591
2016-01-03,4821
2016-01-04,9084
2016-01-05,12088
2016-01-06,8503
2016-01-07,7212
2016-01-08,6583
2016-01-09,5073
2016-01-10,4929
2016-01-11,7971
2016-01-12,7601
2016-01-13,8635
2016-01-14,7781
2016-01-15,6112
2016-01-16,4439
2016-01-17,4482
2016-01-18,6355
2016-01-19,10438
2016-01-20,7841
2016-01-21,7490
2016-01-22,9155
2016-01-23,5207
2016-01-24,4526
2016-01-25,8145
2016-01-26,8490
2016-01-27,8137
2016-01-28,6645
2016-01-29,6419
2016-01-30,5050
2016-01-31,4644
2016-02-01,6322
2016-02-02,6607
2016-02-03,6472
2016-02-04,6764
2016-02-05,6191
2016-02-06,4903
2016-02-07,4722
2016-02-08,6442
2016-02-09,6864
2016-02-10,6933
2016-02-11,7314
2016-02-12,8853
2016-02-13,7614
2016-02-14,9928
2016-02-15,8749
2016-02-16,9317
2016-02-17,7608
2016-02-18,7252
2016-02-19,7020
2016-02-20,5246
2016-02-21,4580
2016-02-22,7233
2016-02-23,7018
2016-02-24,7527
2016-02-25,7796
2016-02-26,7364
2016-02-27,5422
2016-02-28,4721
2016-02-29,6939
2016-03-01,6848
2016-03-02,6926
2016-03-03,7166
2016-03-04,6237
2016-03-05,5372
2016-03-06,4633
2016-03-07,6846
2016-03-08,7178
2016-03-09,6937
2016-03-10,6979
2016-03-11,7089
2016-03-12,5249
2016-03-13,4761
2016-03-14,7172
2016-03-15,7217
2016-03-16,6898
2016-03-17,7239
2016-03-18,6664
2016-03-19,5507
2016-03-20,5076
2016-03-21,6556
2016-03-22,7013
2016-03-23,7000
2016-03-24,6609
2016-03-25,5711
2016-03-26,5159
2016-03-27,4631
2016-03-28,6078
2016-03-29,7792
2016-03-30,7423
2016-03-31,6827
2016-04-01,6524
2016-04-02,5312
2016-04-03,6338
2016-04-04,7061
2016-04-05,7666
2016-04-06,7037
2016-04-07,6399
2016-04-08,6711
2016-04-09,5004
2016-04-10,4760
2016-04-11,6818
2016-04-12,6647
2016-04-13,6620
2016-04-14,6671
2016-04-15,6633
2016-04-16,5195
2016-04-17,5076
2016-04-18,6903
2016-04-19,6975
2016-04-20,6598
2016-04-21,6184
2016-04-22,6851
2016-04-23,5060
2016-04-24,4828
2016-04-25,6728
2016-04-26,6345
2016-04-27,6383
2016-04-28,6466
2016-04-29,6527
2016-04-30,5577
2016-05-01,4741
2016-05-02,7009
2016-05-03,7373
2016-05-04,6843
2016-05-05,6969
2016-05-06,6788
2016-05-07,7014
2016-05-08,4840
2016-05-09,7678
2016-05-10,6879
2016-05-11,7170
2016-05-12,7063
2016-05-13,6406
2016-05-14,5729
2016-05-15,4977
2016-05-16,7227
2016-05-17,6775
2016-05-18,6791
2016-05-19,6812
2016-05-20,7324
2016-05-21,5649
2016-05-22,5455
2016-05-23,7366
2016-05-24,7009
2016-05-25,7526
2016-05-26,7437
2016-05-27,6726
2016-05-28,5548
2016-05-29,5451
2016-05-30,4917
2016-05-31,8369
2016-06-01,7642
2016-06-02,7286
2016-06-03,6708
2016-06-04,5864
2016-06-05,5022
2016-06-06,7988
2016-06-07,7543
2016-06-08,6902
2016-06-09,7109
2016-06-10,7171
2016-06-11,6118
2016-06-12,5438
2016-06-13,7385
2016-06-14,7849
2016-06-15,7780
2016-06-16,7025
2016-06-17,7098
2016-06-18,6307
2016-06-19,6353
2016-06-20,7871
2016-06-21,7695
2016-06-22,7408
2016-06-23,7368
2016-06-24,7054
2016-06-25,6017
2016-06-26,5712
2016-06-27,7454
2016-06-28,7628
2016-06-29,8148
2016-06-30,6998
2016-07-01,6426
2016-07-02,5334
2016-07-03,5745
2016-07-04,5096
2016-07-05,7701
2016-07-06,7395
2016-07-07,7142
2016-07-08,6396
2016-07-09,5415
2016-07-10,5372
2016-07-11,7633
2016-07-12,7402
2016-07-13,7190
2016-07-14,7311
2016-07-15,7344
2016-07-16,5491
2016-07-17,5547
2016-07-18,7974
2016-07-19,7808
2016-07-20,7035
2016-07-21,7169
2016-07-22,6968
2016-07-23,5397
2016-07-24,5219
2016-07-25,8104
2016-07-26,8096
2016-07-27,7131
2016-07-28,7161
2016-07-29,6929
2016-07-30,5310
2016-07-31,4808
2016-08-01,7567
2016-08-02,7463
2016-08-03,7208
2016-08-04,6838
2016-08-05,6700
2016-08-06,5546
2016-08-07,5520
2016-08-08,7318
2016-08-09,7222
2016-08-10,6683
2016-08-11,6968
2016-08-12,6894
2016-08-13,5759
2016-08-14,5603
2016-08-15,7777
2016-08-16,7191
2016-08-17,7156
2016-08-18,6885
2016-08-19,6589
2016-08-20,5421
2016-08-21,4634
2016-08-22,7258
2016-08-23,7044
2016-08-24,6608
2016-08-25,6627
2016-08-26,5824
2016-08-27,5290
2016-08-28,5137
2016-08-29,7322
2016-08-30,6936
2016-08-31,6949
2016-09-01,6405
2016-09-02,6279
2016-09-03,5710
2016-09-04,5310
2016-09-05,4786
2016-09-06,7202
2016-09-07,6980
2016-09-08,7387
2016-09-09,7019
2016-09-10,5691
2016-09-11,5467
2016-09-12,7132
2016-09-13,7059
2016-09-14,6881
2016-09-15,7161
2016-09-16,6663
2016-09-17,5820
2016-09-18,5240
2016-09-19,5904
2016-09-20,7400
2016-09-21,7672
2016-09-22,7024
2016-09-23,6381
2016-09-24,5434
2016-09-25,5235
2016-09-26,6572
2016-09-27,6727
2016-09-28,6503
2016-09-29,6203
2016-09-30,5705
2016-10-01,5220
2016-10-02,4776
2016-10-03,6322
2016-10-04,6105
2016-10-05,6587
2016-10-06,6573
2016-10-07,6191
2016-10-08,5069
2016-10-09,4337
2016-10-10,5692
2016-10-11,7923
2016-10-12,6438
2016-10-13,6708
2016-10-14,7010
2016-10-15,5251
2016-10-16,4582
2016-10-17,7652
2016-10-18,7062
2016-10-19,6352
2016-10-20,5997
2016-10-21,6447
2016-10-22,5912
2016-10-23,5993
2016-10-24,7908
2016-10-25,9042
2016-10-26,9044
2016-10-27,8104
2016-10-28,7210
2016-10-29,6008
2016-10-30,5455
2016-10-31,7583
2016-11-01,7415
2016-11-02,7105
2016-11-03,6763
2016-11-04,6623
2016-11-05,5639
2016-11-06,3419
2016-11-07,8757
2016-11-08,5432
2016-11-09,5583
2016-11-10,6530
2016-11-11,5876
2016-11-12,5967
2016-11-13,4534
2016-11-14,7097
2016-11-15,7286
2016-11-16,7069
2016-11-17,6810
2016-11-18,6686
2016-11-19,5436
2016-11-20,6257
2016-11-21,9552
2016-11-22,8268
2016-11-23,6375
2016-11-24,4055
2016-11-25,5185
2016-11-26,4631
2016-11-27,4482
2016-11-28,7126
2016-11-29,7197
2016-11-30,7133
2016-12-01,7364
2016-12-02,7266
2016-12-03,5738
2016-12-04,5544
2016-12-05,7319
2016-12-06,7543
2016-12-07,7467
2016-12-08,6980
2016-12-09,8090
2016-12-10,6411
2016-12-11,5995
2016-12-12,7270
2016-12-13,7415
2016-12-14,7278
2016-12-15,9323
2016-12-16,9690
2016-12-17,6075
2016-12-18,5388
2016-12-19,7875
2016-12-20,8172
2016-12-21,7216
2016-12-22,6397
2016-12-23,5593
2016-12-24,3994
2016-12-25,3587
2016-12-26,4191
2016-12-27,6314
2016-12-28,6934
2016-12-29,6396
2016-12-30,6119
2016-12-31,4237
2017-01-01,4301
2017-01-02,4285
2017-01-03,7142
2017-01-04,7340
2017-01-05,7689
2017-01-06,6531
2017-01-07,5793
2017-01-08,6630
2017-01-09,9895
2017-01-10,8889
2017-01-11,6813
2017-01-12,6956
2017-01-13,6816
2017-01-14,5544
2017-01-15,4838
2017-01-16,5873
2017-01-17,7000
2017-01-18,6908
2017-01-19,7480
2017-01-20,6472
2017-01-21,5369
2017-01-22,5158
2017-01-23,8043
2017-01-24,8190
2017-01-25,7873
2017-01-26,7027
2017-01-27,7155
2017-01-28,5926
2017-01-29,5161
2017-01-30,7380
2017-01-31,7198
2017-02-01,7674
2017-02-02,7078
2017-02-03,6760
2017-02-04,5473
2017-02-05,4923
2017-02-06,7181
2017-02-07,6720
2017-02-08,6670
2017-02-09,5886
2017-02-10,8024
2017-02-11,5517
2017-02-12,5040
2017-02-13,7954
2017-02-14,6818
2017-02-15,7332
2017-02-16,7382
2017-02-17,6785
2017-02-18,5283
2017-02-19,4976
2017-02-20,5224
2017-02-21,7263
2017-02-22,6800
2017-02-23,6815
2017-02-24,6675
2017-02-25,5137
2017-02-26,5107
2017-02-27,7134
2017-02-28,6723
2017-03-01,6143
2017-03-02,7446
2017-03-03,7224
2017-03-04,6194
2017-03-05,6005
2017-03-06,7131
2017-03-07,6485
2017-03-08,6752
2017-03-09,6107
2017-03-10,6289
2017-03-11,5677
2017-03-12,5715
2017-03-13,7538
2017-03-14,5431
2017-03-15,10653
2017-03-16,9477
2017-03-17,7325
2017-03-18,5239
2017-03-19,5233
2017-03-20,7409
2017-03-21,7143
2017-03-22,7241
2017-03-23,5835
2017-03-24,6479
2017-03-25,5394
2017-03-26,4958
2017-03-27,7312
2017-03-28,7030
2017-03-29,6830
2017-03-30,6960
2017-03-31,6771
2017-04-01,5443
2017-04-02,5451
2017-04-03,7943
2017-04-04,7472
2017-04-05,7415
2017-04-06,7069
2017-04-07,6887
2017-04-08,5374
2017-04-09,5057
2017-04-10,7695
2017-04-11,7424
2017-04-12,7020
2017-04-13,6535
2017-04-14,5837
2017-04-15,4945
2017-04-16,5386
2017-04-17,7218
2017-04-18,6751
2017-04-19,7381
2017-04-20,7092
2017-04-21,6807
2017-04-22,5628
2017-04-23,5457
2017-04-24,7558
2017-04-25,6818
2017-04-26,7425
2017-04-27,6644
2017-04-28,7542
2017-04-29,6858
2017-04-30,5777
2017-05-01,7545
2017-05-02,7627
2017-05-03,7231
2017-05-04,7246
2017-05-05,7978
2017-05-06,5631
2017-05-07,5510
2017-05-08,8050
2017-05-09,7564
2017-05-10,7230
2017-05-11,7355
2017-05-12,6912
2017-05-13,5258
2017-05-14,5208
2017-05-15,7898
2017-05-16,7647
2017-05-17,7931
2017-05-18,7566
2017-05-19,7348
2017-05-20,5542
2017-05-21,5566
2017-05-22,6906
2017-05-23,7623
2017-05-24,7364
2017-05-25,6383
2017-05-26,4885
2017-05-27,6691
2017-05-28,6150
2017-05-29,4596
2017-05-30,7536
2017-05-31,7622
2017-06-01,7428
2017-06-02,7549
2017-06-03,6908
2017-06-04,6698
2017-06-05,7395
2017-06-06,6710
2017-06-07,7100
2017-06-08,7330
2017-06-09,7309
2017-06-10,6847
2017-06-11,6412
2017-06-12,8320
2017-06-13,8721
2017-06-14,8081
2017-06-15,7738
2017-06-16,7004
2017-06-17,6184
2017-06-18,6736
2017-06-19,8414
2017-06-20,7697
2017-06-21,7912
2017-06-22,7753
2017-06-23,6836
2017-06-24,6416
2017-06-25,6484
2017-06-26,8088
2017-06-27,7677
2017-06-28,7596
2017-06-29,7732
2017-06-30,6954
2017-07-01,5313
2017-07-02,5467
2017-07-03,6723
2017-07-04,5432
2017-07-05,7929
2017-07-06,7463
2017-07-07,7347
2017-07-08,5654
2017-07-09,6241
2017-07-10,8007
2017-07-11,6897
2017-07-12,8245
2017-07-13,6995
2017-07-14,6392
2017-07-15,6008
2017-07-16,6036
2017-07-17,7940
2017-07-18,6887
2017-07-19,8141
2017-07-20,7773
2017-07-21,7309
2017-07-22,5687
2017-07-23,5114
2017-07-24,7620
2017-07-25,7641
2017-07-26,7312
2017-07-27,7527
2017-07-28,6880
2017-07-29,6125
2017-07-30,6557
2017-07-31,7368
2017-08-01,7046
2017-08-02,6933
2017-08-03,7049
2017-08-04,6742
2017-08-05,5677
2017-08-06,5784
2017-08-07,6891
2017-08-08,6643
2017-08-09,7892
2017-08-10,7226
2017-08-11,6768
2017-08-12,5490
2017-08-13,5650
2017-08-14,7600
2017-08-15,6730
2017-08-16,6999
2017-08-17,7314
2017-08-18,6623
2017-08-19,5498
2017-08-20,5697
2017-08-21,7078
2017-08-22,6835
2017-08-23,6963
2017-08-24,6814
2017-08-25,6456
2017-08-26,5876
2017-08-27,5846
2017-08-28,6983
2017-08-29,6220
2017-08-30,7185
2017-08-31,6989
2017-09-01,6608
2017-09-02,4947
2017-09-03,5202
2017-09-04,5931
2017-09-05,7777
2017-09-06,6952
2017-09-07,7716
2017-09-08,7875
2017-09-09,6487
2017-09-10,5846
2017-09-11,7893
2017-09-12,7804
2017-09-13,7353
2017-09-14,7569
2017-09-15,7803
2017-09-16,6425
2017-09-17,5925
2017-09-18,7865
2017-09-19,7479
2017-09-20,7368
2017-09-21,7012
2017-09-22,7240
2017-09-23,6251
2017-09-24,5685
2017-09-25,7925
2017-09-26,8112
2017-09-27,7818
2017-09-28,7575
2017-09-29,7582
2017-09-30,5652
2017-10-01,5767
2017-10-02,7902
2017-10-03,7722
2017-10-04,7993
2017-10-05,6802
2017-10-06,7010
2017-10-07,5823
2017-10-08,4959
2017-10-09,5047
2017-10-10,7958
2017-10-11,7682
2017-10-12,6944
2017-10-13,7210
2017-10-14,6005
2017-10-15,5649
2017-10-16,7556
2017-10-17,8369
2017-10-18,7414
2017-10-19,7506
2017-10-20,7427
2017-10-21,6149
2017-10-22,5531
2017-10-23,7934
2017-10-24,7695
2017-10-25,7320
2017-10-26,7674
2017-10-27,7878
2017-10-28,6653
2017-10-29,5971
2017-10-30,9356
2017-10-31,8970
2017-11-01,8741
2017-11-02,7938
2017-11-03,7592
2017-11-04,6614
2017-11-05,5482
2017-11-06,7727
2017-11-07,8097
2017-11-08,8782
2017-11-09,8715
2017-11-10,8258
2017-11-11,7761
2017-11-12,6253
2017-11-13,8209
2017-11-14,8719
2017-11-15,8082
2017-11-16,7907
2017-11-17,7997
2017-11-18,5869
2017-11-19,5579
2017-11-20,8148
2017-11-21,7322
2017-11-22,6164
2017-11-23,4212
2017-11-24,5489
2017-11-25,4959
2017-11-26,5278
2017-11-27,7739
2017-11-28,7930
2017-11-29,7559
2017-11-30,7869
2017-12-01,7293
2017-12-02,5860
2017-12-03,5247
2017-12-04,7681
2017-12-05,7500
2017-12-06,7667
2017-12-07,8031
2017-12-08,7759
2017-12-09,5506
2017-12-10,5156
2017-12-11,7617
2017-12-12,7698
2017-12-13,9135
2017-12-14,8061
2017-12-15,8041
2017-12-16,6553
2017-12-17,5642
2017-12-18,7634
2017-12-19,7473
2017-12-20,6949
2017-12-21,7095
2017-12-22,6129
2017-12-23,4382
2017-12-24,4055
2017-12-25,4192
2017-12-26,8236
2017-12-27,8605
2017-12-28,11070
2017-12-29,9999
2017-12-30,6881
2017-12-31,6222
2018-01-01,9332
2018-01-02,11595
2018-01-03,9642
2018-01-04,7921
2018-01-05,11313
2018-01-06,10725
2018-01-07,9631
2018-01-08,11178
2018-01-09,9628
2018-01-10,8474
2018-01-11,7962
2018-01-12,8048
2018-01-13,6492
2018-01-14,6568
2018-01-15,7572
2018-01-16,8899
2018-01-17,8194
2018-01-18,8450
2018-01-19,8023
2018-01-20,5868
2018-01-21,5510
2018-01-22,8310
2018-01-23,7804
2018-01-24,7807
2018-01-25,8127
2018-01-26,7645
2018-01-27,5865
2018-01-28,5191
2018-01-29,7905
2018-01-30,7609
2018-01-31,7879
2018-02-01,7699
2018-02-02,7715
2018-02-03,6265
2018-02-04,5116
2018-02-05,7530
2018-02-06,8039
2018-02-07,7410
2018-02-08,7860
2018-02-09,7268
2018-02-10,6253
2018-02-11,5311
2018-02-12,7762
2018-02-13,7889
2018-02-14,6967
2018-02-15,7231
2018-02-16,6698
2018-02-17,5369
2018-02-18,4673
2018-02-19,5528
2018-02-20,8003
2018-02-21,7513
2018-02-22,7059
2018-02-23,7000
2018-02-24,5699
2018-02-25,5454
2018-02-26,8024
2018-02-27,7858
2018-02-28,7994
2018-03-01,7423
2018-03-02,8952
2018-03-03,7282
2018-03-04,6169
2018-03-05,8673
2018-03-06,7803
2018-03-07,7496
2018-03-08,8099
2018-03-09,7591
2018-03-10,5699
2018-03-11,5327
2018-03-12,8229
2018-03-13,7364
2018-03-14,8265
2018-03-15,7978
2018-03-16,7862
2018-03-17,5959
2018-03-18,5717
2018-03-19,8337
2018-03-20,7790
2018-03-21,6153
2018-03-22,7692
2018-03-23,7030
2018-03-24,5565
2018-03-25,5886
2018-03-26,8271
2018-03-27,8122
2018-03-28,7539
2018-03-29,7217
2018-03-30,6398
2018-03-31,5765
2018-04-01,4800
2018-04-02,7096
2018-04-03,7308
2018-04-04,7489
2018-04-05,7527
2018-04-06,6660
2018-04-07,5733
2018-04-08,5381
2018-04-09,8008
2018-04-10,7815
2018-04-11,7339
2018-04-12,7299
2018-04-13,7871
2018-04-14,6264
2018-04-15,5840
2018-04-16,9783
2018-04-17,7909
2018-04-18,8015
2018-04-19,7590
2018-04-20,7019
2018-04-21,5771
2018-04-22,5849
2018-04-23,8279
2018-04-24,7940
2018-04-25,7570
2018-04-26,7979
2018-04-27,7011
2018-04-28,5959
2018-04-29,6073
2018-04-30,8094
2018-05-01,8431
2018-05-02,8434
2018-05-03,8388
2018-05-04,8026
2018-05-05,6496
2018-05-06,5975
2018-05-07,8201
2018-05-08,7967
2018-05-09,7921
2018-05-10,7640
2018-05-11,7873
2018-05-12,5751
2018-05-13,4983
2018-05-14,7883
2018-05-15,8134
2018-05-16,7908
2018-05-17,8376
2018-05-18,7557
2018-05-19,5561
2018-05-20,6499
2018-05-21,8550
2018-05-22,7916
2018-05-23,8519
2018-05-24,8652
2018-05-25,8124
2018-05-26,6383
2018-05-27,5092
2018-05-28,6029
2018-05-29,9166
2018-05-30,8415
2018-05-31,8335
2018-06-01,7863
2018-06-02,6571
2018-06-03,5949
2018-06-04,8575
2018-06-05,8821
2018-06-06,8406
2018-06-07,8459
2018-06-08,8530
2018-06-09,7009
2018-06-10,6355
2018-06-11,8584
2018-06-12,8921
2018-06-13,8266
2018-06-14,8647
2018-06-15,7644
2018-06-16,7103
2018-06-17,7224
2018-06-18,8651
2018-06-19,8998
2018-06-20,8473
2018-06-21,8334
2018-06-22,7704
2018-06-23,6784
2018-06-24,6745
2018-06-25,8956
2018-06-26,8586
2018-06-27,7818
2018-06-28,8039
2018-06-29,7671
2018-06-30,6627
2018-07-01,6520
2018-07-02,8595
2018-07-03,7881
2018-07-04,6270
2018-07-05,9035
2018-07-06,7835
2018-07-07,6672
2018-07-08,6509
2018-07-09,8277
2018-07-10,8436
2018-07-11,8002
2018-07-12,8608
2018-07-13,8045
2018-07-14,6485
2018-07-15,5958
2018-07-16,8836
2018-07-17,8211
2018-07-18,8834
2018-07-19,8502
2018-07-20,7703
2018-07-21,5752
2018-07-22,5913
2018-07-23,8831
2018-07-24,8545
2018-07-25,7851
2018-07-26,8390
2018-07-27,7733
2018-07-28,6563
2018-07-29,6765
2018-07-30,8942
2018-07-31,8600
2018-08-01,9623
2018-08-02,7952
2018-08-03,7857
2018-08-04,6124
2018-08-05,6134
2018-08-06,9033
2018-08-07,8642
2018-08-08,8756
2018-08-09,8231
2018-08-10,8163
2018-08-11,5806
2018-08-12,6045
2018-08-13,8342
2018-08-14,8225
2018-08-15,8618
2018-08-16,8161
2018-08-17,7714
2018-08-18,5990
2018-08-19,5699
2018-08-20,8502
2018-08-21,8204
2018-08-22,7710
2018-08-23,7943
2018-08-24,7759
2018-08-25,6666
2018-08-26,6449
2018-08-27,8472
2018-08-28,8371
2018-08-29,8919
2018-08-30,8268
2018-08-31,7335
2018-09-01,5644
2018-09-02,6120
2018-09-03,6018
2018-09-04,8625
2018-09-05,8379
2018-09-06,9086
2018-09-07,8504
2018-09-08,6339
2018-09-09,5012
2018-09-10,7379
2018-09-11,8263
2018-09-12,8678
2018-09-13,9119
2018-09-14,9190
2018-09-15,7093
2018-09-16,6704
2018-09-17,8567
2018-09-18,8380
2018-09-19,7975
2018-09-20,8357
2018-09-21,8228
2018-09-22,6694
2018-09-23,6444
2018-09-24,8031
2018-09-25,7686
2018-09-26,8946
2018-09-27,8274
2018-09-28,8309
2018-09-29,6989
2018-09-30,6955
2018-10-01,8597
2018-10-02,8247
2018-10-03,8087
2018-10-04,8019
2018-10-05,7738
2018-10-06,6153
2018-10-07,6289
2018-10-08,6632
2018-10-09,8636
2018-10-10,8691
2018-10-11,8266
2018-10-12,8265
2018-10-13,6634
2018-10-14,6683
2018-10-15,9046
2018-10-16,10321
2018-10-17,10155
2018-10-18,10518
2018-10-19,8824
2018-10-20,6390
2018-10-21,6907
2018-10-22,10114
2018-10-23,8873
2018-10-24,9056
2018-10-25,8720
2018-10-26,8525
2018-10-27,6614
2018-10-28,6167
2018-10-29,8728
2018-10-30,8532
2018-10-31,8279
2018-11-01,7725
2018-11-02,7106
2018-11-03,5913
2018-11-04,5764
2018-11-05,7755
2018-11-06,6809
2018-11-07,8089
2018-11-08,8275
2018-11-09,7587
2018-11-10,6598
2018-11-11,5967
2018-11-12,6874
2018-11-13,8879
2018-11-14,9127
2018-11-15,10006
2018-11-16,10763
2018-11-17,6934
2018-11-18,6153
2018-11-19,8460
2018-11-20,7961
2018-11-21,7647
2018-11-22,5744
2018-11-23,7884
2018-11-24,5876
2018-11-25,6112
2018-11-26,8942
2018-11-27,9055
2018-11-28,9071
2018-11-29,8496
2018-11-30,7981
2018-12-01,6112
2018-12-02,5792
2018-12-03,8403
2018-12-04,8478
2018-12-05,8876
2018-12-06,7943
2018-12-07,8034
2018-12-08,6498
2018-12-09,6089
2018-12-10,8806
2018-12-11,8514
2018-12-12,7852
2018-12-13,7714
2018-12-14,7049
2018-12-15,5615
2018-12-16,5686
2018-12-17,8302
2018-12-18,8255
2018-12-19,7999
2018-12-20,7112
2018-12-21,8154
2018-12-22,5424
2018-12-23,4772
2018-12-24,5388
2018-12-25,3909
2018-12-26,6527
2018-12-27,7143
2018-12-28,7035
2018-12-29,5244
2018-12-30,5185
2018-12-31,6362
2019-01-01,5072
2019-01-02,8134
2019-01-03,7855
2019-01-04,7718
2019-01-05,5169
2019-01-06,5379
2019-01-07,8620
2019-01-08,7904
2019-01-09,7990
2019-01-10,7313
2019-01-11,9222
2019-01-12,6669
2019-01-13,5116
2019-01-14,10392
2019-01-15,8599
2019-01-16,8146
2019-01-17,8395
2019-01-18,6732
2019-01-19,5307
2019-01-20,5571
2019-01-21,11518
2019-01-22,11220
2019-01-23,8415
2019-01-24,7698
2019-01-25,8064
2019-01-26,6454
2019-01-27,5799
2019-01-28,8396
2019-01-29,8198
2019-01-30,9166
2019-01-31,11533
2019-02-01,9450
2019-02-02,7272
2019-02-03,5904
2019-02-04,8187
2019-02-05,8065
2019-02-06,8181
2019-02-07,7631
2019-02-08,7333
2019-02-09,6143
2019-02-10,5885
2019-02-11,7934
2019-02-12,7444
2019-02-13,7601
2019-02-14,7295
2019-02-15,7258
2019-02-16,5465
2019-02-17,5278
2019-02-18,5741
2019-02-19,8313
2019-02-20,7350
2019-02-21,7433
2019-02-22,7145
2019-02-23,5610
2019-02-24,5531
2019-02-25,9251
2019-02-26,8789
2019-02-27,8124
2019-02-28,7629
2019-03-01,6952
2019-03-02,5376
2019-03-03,5174
2019-03-04,7559
2019-03-05,8140
2019-03-06,8271
2019-03-07,8308
2019-03-08,7331
2019-03-09,5829
2019-03-10,5638
2019-03-11,8299
2019-03-12,7816
2019-03-13,8058
2019-03-14,7758
2019-03-15,7522
2019-03-16,5940
2019-03-17,5769
2019-03-18,8175
2019-03-19,8192
2019-03-20,8056
2019-03-21,7450
2019-03-22,7801
2019-03-23,6227
2019-03-24,5774
2019-03-25,8438
2019-03-26,8185
2019-03-27,8261
2019-03-28,7746
2019-03-29,7619
2019-03-30,6235
2019-03-31,5720
2019-04-01,8492
2019-04-02,8078
2019-04-03,7977
2019-04-04,7935
2019-04-05,7183
2019-04-06,6138
2019-04-07,6316
2019-04-08,8576
2019-04-09,8416
2019-04-10,7502
2019-04-11,8053
2019-04-12,7272
2019-04-13,7022
2019-04-14,6663
2019-04-15,8530
2019-04-16,8356
2019-04-17,8229
2019-04-18,7645
2019-04-19,6699
2019-04-20,5566
2019-04-21,5365
2019-04-22,7672
2019-04-23,7612
2019-04-24,8330
2019-04-25,6945
2019-04-26,6983
2019-04-27,6427
2019-04-28,6428
2019-04-29,8791
2019-04-30,8689
2019-05-01,8279
2019-05-02,8113
2019-05-03,8143
2019-05-04,6271
2019-05-05,5475
2019-05-06,8714
2019-05-07,8515
2019-05-08,8437
2019-05-09,8083
2019-05-10,7950
2019-05-11,6901
2019-05-12,5657
2019-05-13,8588
2019-05-14,8203
2019-05-15,8612
2019-05-16,8499
2019-05-17,8524
2019-05-18,7587
2019-05-19,7533
2019-05-20,9254
2019-05-21,8934
2019-05-22,8881
2019-05-23,8368
2019-05-24,8433
2019-05-25,6096
2019-05-26,6688
2019-05-27,7785
2019-05-28,9005
2019-05-29,8430
2019-05-30,8311
2019-05-31,9072
2019-06-01,8231
2019-06-02,7478
2019-06-03,9825
2019-06-04,9189
2019-06-05,8683
2019-06-06,8938
2019-06-07,9594
2019-06-08,8128
2019-06-09,7445
2019-06-10,7889
2019-06-11,8930
2019-06-12,8332
2019-06-13,7804
2019-06-14,8764
2019-06-15,7823
2019-06-16,7918
2019-06-17,9306
2019-06-18,8365
2019-06-19,8381
2019-06-20,8562
2019-06-21,9541
2019-06-22,8165
2019-06-23,8192
2019-06-24,9496
2019-06-25,9646
2019-06-26,9504
2019-06-27,9530
2019-06-28,4776
2019-06-29,4772
2019-06-30,6245
2019-07-01,7639
2019-07-02,7353
2019-07-03,6716
2019-07-04,6137
2019-07-05,7379
2019-07-06,5377
2019-07-07,5866
2019-07-08,7261
2019-07-09,7653
2019-07-10,7001
2019-07-11,6352
2019-07-12,6944
2019-07-13,6141
2019-07-14,6231
2019-07-15,7409
2019-07-16,7688
2019-07-17,7555
2019-07-18,7439
2019-07-19,7192
2019-07-20,6970
2019-07-21,6790
2019-07-22,8090
2019-07-23,8148
2019-07-24,7541
2019-07-25,7672
2019-07-26,7069
2019-07-27,6266
2019-07-28,6371
2019-07-29,7917
2019-07-30,7863
2019-07-31,7446
2019-08-01,7190
2019-08-02,7059
2019-08-03,6139
2019-08-04,5642
2019-08-05,7367
2019-08-06,7282
2019-08-07,6721
2019-08-08,6928
2019-08-09,6870
2019-08-10,6398
2019-08-11,6485
2019-08-12,7400
2019-08-13,6698
2019-08-14,6810
2019-08-15,6762
2019-08-16,6873
2019-08-17,6375
2019-08-18,5853
2019-08-19,7604
2019-08-20,7224
2019-08-21,6946
2019-08-22,6823
2019-08-23,7252
2019-08-24,6984
2019-08-25,6910
2019-08-26,7326
2019-08-27,7916
2019-08-28,6976
2019-08-29,7133
2019-08-30,6809
2019-08-31,6368
2019-09-01,6832
2019-09-02,5953
2019-09-03,7441
2019-09-04,7523
2019-09-05,7764
2019-09-06,6774
2019-09-07,7109
2019-09-08,6975
2019-09-09,7561
2019-09-10,7824
2019-09-11,7182
2019-09-12,7140
2019-09-13,6888
2019-09-14,6660
2019-09-15,6738
2019-09-16,7820
2019-09-17,7484
2019-09-18,6807
2019-09-19,7011
2019-09-20,6989
2019-09-21,7245
2019-09-22,6904
2019-09-23,7493
2019-09-24,7113
2019-09-25,7068
2019-09-26,6962
2019-09-27,7054
2019-09-28,6620
2019-09-29,6104
2019-09-30,6598
2019-10-01,6963
2019-10-02,6763
2019-10-03,6173
2019-10-04,6569
2019-10-05,6177
2019-10-06,5744
2019-10-07,7208
2019-10-08,6620
2019-10-09,6529
2019-10-10,6656
2019-10-11,6318
2019-10-12,5829
2019-10-13,5773
2019-10-14,5470
2019-10-15,6838
2019-10-16,6406
2019-10-17,8846
2019-10-18,8320
2019-10-19,6718
2019-10-20,5848
2019-10-21,7501
2019-10-22,6613
2019-10-23,6768
2019-10-24,7013
2019-10-25,7274
2019-10-26,6192
2019-10-27,6092
2019-10-28,7283
2019-10-29,7083
2019-10-30,6802
2019-10-31,6793
2019-11-01,8118
2019-11-02,6868
2019-11-03,6932
2019-11-04,7813
2019-11-05,7083
2019-11-06,7737
2019-11-07,7607
2019-11-08,8033
2019-11-09,7248
2019-11-10,5699
2019-11-11,5945
2019-11-12,7807
2019-11-13,8660
2019-11-14,7669
2019-11-15,6500
2019-11-16,6024
2019-11-17,6006
2019-11-18,7156
2019-11-19,6943
2019-11-20,6883
2019-11-21,6601
2019-11-22,6176
2019-11-23,5784
2019-11-24,5343
2019-11-25,6884
2019-11-26,6739
2019-11-27,5805
2019-11-28,4165
2019-11-29,5421
2019-11-30,5387
2019-12-01,5531
2019-12-02,6994
2019-12-03,6534
2019-12-04,6549
2019-12-05,6797
2019-12-06,6369
2019-12-07,5691
2019-12-08,5822
2019-12-09,7143
2019-12-10,6937
2019-12-11,6353
2019-12-12,7229
2019-12-13,6058
2019-12-14,5623
2019-12-15,5916
2019-12-16,7406
2019-12-17,7071
2019-12-18,6899
2019-12-19,8068
2019-12-20,7286
2019-12-21,5852
2019-12-22,5127
2019-12-23,6106
2019-12-24,4899
2019-12-25,3994
2019-12-26,5627
2019-12-27,5739
2019-12-28,4820
2019-12-29,4805
2019-12-30,6381
2019-12-31,5749
2020-01-01,5010
2020-01-02,7510
2020-01-03,6546
2020-01-04,5262
2020-01-05,5511
2020-01-06,7119
2020-01-07,6781
2020-01-08,6600
2020-01-09,7334
2020-01-10,6650
2020-01-11,5766
2020-01-12,5573
2020-01-13,6952
2020-01-14,6701
2020-01-15,6410
2020-01-16,6544
2020-01-17,7078
2020-01-18,5716
2020-01-19,4704
2020-01-20,5880
2020-01-21,7573
2020-01-22,6572
2020-01-23,6642
2020-01-24,6020
2020-01-25,5488
2020-01-26,5216
2020-01-27,6240
2020-01-28,6518
2020-01-29,6453
2020-01-30,6675
2020-01-31,6192
2020-02-01,5293
2020-02-02,4830
2020-02-03,6615
2020-02-04,6259
2020-02-05,6248
2020-02-06,5895
2020-02-07,6284
2020-02-08,5446
2020-02-09,5361
2020-02-10,6261
2020-02-11,6071
2020-02-12,6223
2020-02-13,5860
2020-02-14,5984
2020-02-15,6231
2020-02-16,5077
2020-02-17,5370
2020-02-18,6261
2020-02-19,6373
2020-02-20,6364
2020-02-21,6075
2020-02-22,5203
2020-02-23,5479
2020-02-24,6693
2020-02-25,6490
2020-02-26,6209
2020-02-27,6649
2020-02-28,6601
2020-02-29,5457
2020-03-01,5474
2020-03-02,6318
2020-03-03,6513
2020-03-04,6555
2020-03-05,7161
2020-03-06,6355
2020-03-07,5775
2020-03-08,5592
2020-03-09,7580
2020-03-10,7005
2020-03-11,7491
2020-03-12,6735
2020-03-13,6438
2020-03-14,5750
2020-03-15,5376
2020-03-16,6371
2020-03-17,6694
2020-03-18,6146
2020-03-19,5856
2020-03-20,5657
2020-03-21,5194
2020-03-22,4428
2020-03-23,4849
2020-03-24,5270
2020-03-25,5017
2020-03-26,4820
2020-03-27,5135
2020-03-28,3818
2020-03-29,3785
2020-03-30,5512
2020-03-31,5112
2020-04-01,5166
2020-04-02,5310
2020-04-03,4617
2020-04-04,4386
2020-04-05,4384
2020-04-06,5600
2020-04-07,5552
2020-04-08,5069
2020-04-09,5161
2020-04-10,5086
2020-04-11,4761
2020-04-12,5181
2020-04-13,5485
2020-04-14,5886
2020-04-15,5236
2020-04-16,5394
2020-04-17,5221
2020-04-18,4160
2020-04-19,5778
2020-04-20,5775
2020-04-21,5804
2020-04-22,5659
2020-04-23,5584
2020-04-24,5291
2020-04-25,6300
2020-04-26,4437
2020-04-27,5257
2020-04-28,6488
2020-04-29,5548
2020-04-30,5537
2020-05-01,7279
2020-05-02,8169
2020-05-03,8015
2020-05-04,7294
2020-05-05,7517
2020-05-06,5795
2020-05-07,6579
2020-05-08,5589
2020-05-09,4938
2020-05-10,5961
2020-05-11,6690
2020-05-12,7138
2020-05-13,6779
2020-05-14,7324
2020-05-15,9314
2020-05-16,9227
2020-05-17,7617
2020-05-18,7614
2020-05-19,8242
2020-05-20,7218
2020-05-21,7362
2020-05-22,7667
2020-05-23,5913
2020-05-24,8720
2020-05-25,9338
2020-05-26,9346
2020-05-27,8934
2020-05-28,7863
2020-05-29,8123
2020-05-30,8646
2020-05-31,8097
2020-06-01,7032
2020-06-02,6569
2020-06-03,7025
2020-06-04,7445
2020-06-05,6407
2020-06-06,7314
2020-06-07,9003
2020-06-08,9599
2020-06-09,8541
2020-06-10,8391
2020-06-11,7411
2020-06-12,9243
2020-06-13,10010
2020-06-14,10667
2020-06-15,10073
2020-06-16,10710
2020-06-17,11415
2020-06-18,11164
2020-06-19,12637
2020-06-20,15825
2020-06-21,15883
2020-06-22,13244
2020-06-23,11745
2020-06-24,11120
2020-06-25,11485
2020-06-26,12376
2020-06-27,12975
2020-06-28,14057
2020-06-29,12120
2020-06-30,11819
2020-07-01,9808
2020-07-02,10336
2020-07-03,9784
2020-07-04,15794
2020-07-05,16916
2020-07-06,9922
2020-07-07,8926
2020-07-08,8824
2020-07-09,9220
2020-07-10,8904
2020-07-11,9148
2020-07-12,10744
2020-07-13,10131
2020-07-14,9684
2020-07-15,9196
2020-07-16,9727
2020-07-17,9703
2020-07-18,9658
2020-07-19,10228
2020-07-20,10497
2020-07-21,9717
2020-07-22,9659
2020-07-23,10228
2020-07-24,10081
2020-07-25,10581
2020-07-26,10761
2020-07-27,10503
2020-07-28,9540
2020-07-29,9435
2020-07-30,8938
2020-07-31,9959
2020-08-01,12410
2020-08-02,11034
2020-08-03,10049
2020-08-04,24415
2020-08-05,19560
2020-08-06,13288
2020-08-07,10774
2020-08-08,12516
2020-08-09,13021
2020-08-10,12502
2020-08-11,11634
2020-08-12,10486
2020-08-13,9911
2020-08-14,10038
2020-08-15,11281
2020-08-16,9037
2020-08-17,10362
2020-08-18,9555
2020-08-19,8978
2020-08-20,9372
2020-08-21,9797
2020-08-22,9747
2020-08-23,10867
2020-08-24,10240
2020-08-25,9313
2020-08-26,9195
2020-08-27,9224
2020-08-28,9360
2020-08-29,8987
2020-08-30,10711
2020-08-31,10799
2020-09-01,8978
2020-09-02,8990
2020-09-03,9268
2020-09-04,9796
2020-09-05,9169
2020-09-06,10016
2020-09-07,10210
2020-09-08,8985
2020-09-09,9281
2020-09-10,8977
2020-09-11,10037
2020-09-12,10236
2020-09-13,11471
2020-09-14,10400
2020-09-15,9361
2020-09-16,9403
2020-09-17,11103
2020-09-18,10189
2020-09-19,10015
2020-09-20,9412
2020-09-21,9855
2020-09-22,8299
2020-09-23,9121
2020-09-24,9537
2020-09-25,9739
2020-09-26,10109
2020-09-27,9583
2020-09-28,8937
2020-09-29,8418
2020-09-30,8962
2020-10-01,9582
2020-10-02,10100
2020-10-03,9356
2020-10-04,9530
2020-10-05,9494
2020-10-06,9071
2020-10-07,8289
2020-10-08,8346
2020-10-09,8897
2020-10-10,9674
2020-10-11,8948
2020-10-12,6055
2020-10-13,7804
2020-10-14,8956
2020-10-15,8707
2020-10-16,7624
2020-10-17,8578
2020-10-18,8510
2020-10-19,9150
2020-10-20,8626
2020-10-21,8606
2020-10-22,8784
2020-10-23,9158
2020-10-24,8270
2020-10-25,8128
2020-10-26,8986
2020-10-27,8604
2020-10-28,8081
2020-10-29,8070
2020-10-30,8919
2020-10-31,8617
2020-11-01,8424
2020-11-02,9064
2020-11-03,7436
2020-11-04,7938
2020-11-05,8218
2020-11-06,8458
2020-11-07,7622
2020-11-08,8412
2020-11-09,8529
2020-11-10,8173
2020-11-11,6280
2020-11-12,7003
2020-11-13,7484
2020-11-14,7711
2020-11-15,7694
2020-11-16,9360
2020-11-17,8434
2020-11-18,9409
2020-11-19,8406
2020-11-20,8353
2020-11-21,7837
2020-11-22,6873
2020-11-23,8314
2020-11-24,7797
2020-11-25,6796
2020-11-26,5216
2020-11-27,6838
2020-11-28,6743
2020-11-29,6668
2020-11-30,8107
2020-12-01,8017
2020-12-02,8926
2020-12-03,8408
2020-12-04,7844
2020-12-05,6570
2020-12-06,7128
2020-12-07,9117
2020-12-08,8516
2020-12-09,8095
2020-12-10,8639
2020-12-11,8165
2020-12-12,6934
2020-12-13,7073
2020-12-14,7536
2020-12-15,7716
2020-12-16,8008
2020-12-17,7341
2020-12-18,8325
2020-12-19,7676
2020-12-20,7000
2020-12-21,7430
2020-12-22,6724
2020-12-23,6292
2020-12-24,5563
2020-12-25,5027
2020-12-26,6345
2020-12-27,6421
2020-12-28,8508
2020-12-29,7763
2020-12-30,7590
2020-12-31,6447
2021-01-01,5482
2021-01-02,5933
2021-01-03,5564
2021-01-04,7885
2021-01-05,8243
2021-01-06,7691
2021-01-07,8078
2021-01-08,7628
2021-01-09,6798
2021-01-10,6591
2021-01-11,8207
2021-01-12,7803
2021-01-13,7436
2021-01-14,7592
2021-01-15,7097
2021-01-16,6365
2021-01-17,5977
2021-01-18,6635
2021-01-19,8967
2021-01-20,7297
2021-01-21,7810
2021-01-22,7246
2021-01-23,6667
2021-01-24,7423
2021-01-25,8436
2021-01-26,7191
2021-01-27,6760
2021-01-28,7953
2021-01-29,9749
2021-01-30,8233
2021-01-31,7306
2021-02-01,6563
2021-02-02,6913
2021-02-03,8504
2021-02-04,7727
2021-02-05,7222
2021-02-06,6640
2021-02-07,5701
2021-02-08,8127
2021-02-09,7555
2021-02-10,6979
2021-02-11,6698
2021-02-12,6837
2021-02-13,6223
2021-02-14,5651
2021-02-15,5910
2021-02-16,7772
2021-02-17,7471
2021-02-18,6002
2021-02-19,6244
2021-02-20,6052
2021-02-21,6474
2021-02-22,7267
2021-02-23,7413
2021-02-24,8021
2021-02-25,8121
2021-02-26,7973
2021-02-27,7136
2021-02-28,6784
2021-03-01,8332
2021-03-02,8917
2021-03-03,8402
2021-03-04,8394
2021-03-05,9263
2021-03-06,7555
2021-03-07,7017
2021-03-08,8097
2021-03-09,8548
2021-03-10,8057
2021-03-11,8833
2021-03-12,8811
2021-03-13,7139
2021-03-14,6524
2021-03-15,8948
2021-03-16,8096
2021-03-17,7996
2021-03-18,7048
2021-03-19,7848
2021-03-20,7142
2021-03-21,7976
2021-03-22,8724
2021-03-23,8619
2021-03-24,8216
2021-03-25,8590
2021-03-26,8794
2021-03-27,8024
2021-03-28,6625
2021-03-29,8245
2021-03-30,7922
2021-03-31,7247
2021-04-01,6622
2021-04-02,6767
2021-04-03,6599
2021-04-04,6860
2021-04-05,8145
2021-04-06,9109
2021-04-07,8739
2021-04-08,8636
2021-04-09,8140
2021-04-10,8246
2021-04-11,7015
2021-04-12,7763
2021-04-13,8587
2021-04-14,8670
2021-04-15,7621
2021-04-16,7844
2021-04-17,7437
2021-04-18,7977
2021-04-19,8907
2021-04-20,8782
2021-04-21,7670
2021-04-22,8045
2021-04-23,8367
2021-04-24,8410
2021-04-25,7500
2021-04-26,8542
2021-04-27,8644
2021-04-28,9375
2021-04-29,8519
2021-04-30,8106
2021-05-01,8562
2021-05-02,10380
2021-05-03,8792
2021-05-04,8619
2021-05-05,7727
2021-05-06,8867
2021-05-07,8819
2021-05-08,7497
2021-05-09,6396
2021-05-10,8520
2021-05-11,8535
2021-05-12,8931
2021-05-13,8800
2021-05-14,9558
2021-05-15,9569
2021-05-16,10185
2021-05-17,9206
2021-05-18,9763
2021-05-19,9951
2021-05-20,9281
2021-05-21,9701
2021-05-22,10199
2021-05-23,10978
2021-05-24,9626
2021-05-25,9281
2021-05-26,8657
2021-05-27,9303
2021-05-28,7250
2021-05-29,6070
2021-05-30,5995
2021-05-31,9387
2021-06-01,10506
2021-06-02,10300
2021-06-03,8103
2021-06-04,9204
2021-06-05,10200
2021-06-06,11398
2021-06-07,10805
2021-06-08,9340
2021-06-09,9796
2021-06-10,9772
2021-06-11,9516
2021-06-12,9751
2021-06-13,10544
2021-06-14,9345
2021-06-15,9805
2021-06-16,9486
2021-06-17,9957
2021-06-18,10554
2021-06-19,9344
2021-06-20,11614
2021-06-21,10618
2021-06-22,8556
2021-06-23,10006
2021-06-24,9936
2021-06-25,10122
2021-06-26,10072
2021-06-27,10875
2021-06-28,10623
2021-06-29,10802
2021-06-30,10428
2021-07-01,8451
2021-07-02,8172
2021-07-03,8136
2021-07-04,12414
2021-07-05,10936
2021-07-06,9461
2021-07-07,10306
2021-07-08,9402
2021-07-09,9497
2021-07-10,9001
2021-07-11,9611
2021-07-12,9915
2021-07-13,9298
2021-07-14,9173
2021-07-15,8579
2021-07-16,9291
2021-07-17,8345
2021-07-18,10621
2021-07-19,11669
2021-07-20,11233
2021-07-21,10530
2021-07-22,11266
2021-07-23,10953
2021-07-24,11378
2021-07-25,9736
2021-07-26,9997
2021-07-27,8975
2021-07-28,8990
2021-07-29,8444
2021-07-30,9437
2021-07-31,9934
2021-08-01,9443
2021-08-02,9532
2021-08-03,9437
2021-08-04,8889
2021-08-05,9323
2021-08-06,8890
2021-08-07,8488
2021-08-08,7059
2021-08-09,10064
2021-08-10,8165
2021-08-11,8660
2021-08-12,8810
2021-08-13,9572
2021-08-14,9257
2021-08-15,9359
2021-08-16,9330
2021-08-17,8720
2021-08-18,7875
2021-08-19,8832
2021-08-20,9569
2021-08-21,9932
2021-08-22,7520
2021-08-23,9958
2021-08-24,10088
2021-08-25,9251
2021-08-26,9321
2021-08-27,8960
2021-08-28,8853
2021-08-29,9892
2021-08-30,9925
2021-08-31,9270
2021-09-01,10559
2021-09-02,15205
2021-09-03,11830
2021-09-04,11539
2021-09-05,11609
2021-09-06,11522
2021-09-07,11499
2021-09-08,10090
2021-09-09,9318
2021-09-10,10889
2021-09-11,10928
2021-09-12,10985
2021-09-13,10726
2021-09-14,10534
2021-09-15,10263
2021-09-16,9215
2021-09-17,9678
2021-09-18,10333
2021-09-19,10784
2021-09-20,10062
2021-09-21,9025
2021-09-22,9632
2021-09-23,9349
2021-09-24,9974
2021-09-25,10556
2021-09-26,10385
2021-09-27,11783
2021-09-28,9492
2021-09-29,9625
2021-09-30,10118
2021-10-01,9941
2021-10-02,9734
2021-10-03,10332
2021-10-04,9422
2021-10-05,9120
2021-10-06,9793
2021-10-07,9674
2021-10-08,10176
2021-10-09,8540
2021-10-10,7461
2021-10-11,7931
2021-10-12,9982
2021-10-13,9948
2021-10-14,9446
2021-10-15,10993
2021-10-16,8131
2021-10-17,8226
2021-10-18,10133
2021-10-19,10113
2021-10-20,9448
2021-10-21,9453
2021-10-22,10059
2021-10-23,9087
2021-10-24,9734
2021-10-25,10209
2021-10-26,11141
2021-10-27,12037
2021-10-28,13575
2021-10-29,12894
2021-10-30,10754
2021-10-31,10827
2021-11-01,10032
2021-11-02,10077
2021-11-03,11075
2021-11-04,10852
2021-11-05,10264
2021-11-06,8219
2021-11-07,9023
2021-11-08,9672
2021-11-09,9632
2021-11-10,8742
2021-11-11,8148
2021-11-12,8549
2021-11-13,7971
2021-11-14,8384
2021-11-15,10323
2021-11-16,10205
2021-11-17,9770
2021-11-18,8746
2021-11-19,9335
2021-11-20,8195
2021-11-21,8115
2021-11-22,9389
2021-11-23,9400
2021-11-24,8187
2021-11-25,5706
2021-11-26,6844
2021-11-27,7155
2021-11-28,7729
2021-11-29,9944
2021-11-30,10004
2021-12-01,9071
2021-12-02,9444
2021-12-03,8816
2021-12-04,7673
2021-12-05,7740
2021-12-06,9214
2021-12-07,9428
2021-12-08,9052
2021-12-09,9381
2021-12-10,9070
2021-12-11,7549
2021-12-12,7421
2021-12-13,9248
2021-12-14,8772
2021-12-15,8561
2021-12-16,8614
2021-12-17,8863
2021-12-18,6787
2021-12-19,7595
2021-12-20,9449
2021-12-21,8369
2021-12-22,7661
2021-12-23,7532
2021-12-24,5564
2021-12-25,4492
2021-12-26,5860
2021-12-27,7672
2021-12-28,7855
2021-12-29,7717
2021-12-30,7581
2021-12-31,6525
2022-01-01,5866
2022-01-02,6710
2022-01-03,9163
2022-01-04,9415
2022-01-05,8385
2022-01-06,8541
2022-01-07,6887
2022-01-08,7772
2022-01-09,7125
2022-01-10,9490
2022-01-11,11893
2022-01-12,10402
2022-01-13,9096
2022-01-14,8882
2022-01-15,9579
2022-01-16,9540
2022-01-17,9350
2022-01-18,10001
2022-01-19,9646
2022-01-20,8779
2022-01-21,10172
2022-01-22,9167
2022-01-23,8189
2022-01-24,9324
2022-01-25,9442
2022-01-26,9873
2022-01-27,9910
2022-01-28,8490
2022-01-29,7877
2022-01-30,9344
2022-01-31,10971
2022-02-01,10632
2022-02-02,8823
2022-02-03,8326
2022-02-04,8611
2022-02-05,8235
2022-02-06,8300
2022-02-07,9764
2022-02-08,9385
2022-02-09,9222
2022-02-10,9861
2022-02-11,9775
2022-02-12,9933
2022-02-13,8353
2022-02-14,10476
2022-02-15,10097
2022-02-16,8739
2022-02-17,8895
2022-02-18,8952
2022-02-19,6746
2022-02-20,7036
2022-02-21,7391
2022-02-22,8038
2022-02-23,8395
2022-02-24,8511
2022-02-25,8140
2022-02-26,7126
2022-02-27,6887
2022-02-28,9585
2022-03-01,8918
2022-03-02,8658
2022-03-03,8987
2022-03-04,8905
2022-03-05,7505
2022-03-06,8067
2022-03-07,9058
2022-03-08,8989
2022-03-09,7735
2022-03-10,8532
2022-03-11,8282
2022-03-12,6588
2022-03-13,6492
2022-03-14,8460
2022-03-15,8350
2022-03-16,8668
2022-03-17,7646
2022-03-18,8622
2022-03-19,7182
2022-03-20,7193
2022-03-21,8754
2022-03-22,8424
2022-03-23,8028
2022-03-24,7289
2022-03-25,8311
2022-03-26,6966
2022-03-27,6766
2022-03-28,9608
2022-03-29,8822
2022-03-30,8316
2022-03-31,7813
2022-04-01,7965
2022-04-02,7200
2022-04-03,6267
2022-04-04,8419
2022-04-05,8349
2022-04-06,7693
2022-04-07,7966
2022-04-08,9383
2022-04-09,7648
2022-04-10,6858
2022-04-11,8562
2022-04-12,8302
2022-04-13,8317
2022-04-14,7994
2022-04-15,7344
2022-04-16,6554
2022-04-17,5975
2022-04-18,7819
2022-04-19,8530
2022-04-20,8027
2022-04-21,8058
2022-04-22,7842
2022-04-23,8102
2022-04-24,7423
2022-04-25,8478
2022-04-26,8041
2022-04-27,8042
2022-04-28,8322
2022-04-29,8589
2022-04-30,8009
2022-05-01,8146
2022-05-02,7918
2022-05-03,8116
2022-05-04,8044
2022-05-05,9114
2022-05-06,6927
2022-05-07,6028
2022-05-08,6648
2022-05-09,8743
2022-05-10,8423
2022-05-11,9210
2022-05-12,9460
2022-05-13,9319
2022-05-14,7888
2022-05-15,10724
2022-05-16,10901
2022-05-17,10802
2022-05-18,10736
2022-05-19,9817
2022-05-20,9511
2022-05-21,10544
2022-05-22,10400
2022-05-23,9210
2022-05-24,8531
2022-05-25,8480
2022-05-26,8547
2022-05-27,7920
2022-05-28,7166
2022-05-29,9336
2022-05-30,9430
2022-05-31,10561
2022-06-01,9058
2022-06-02,9074
2022-06-03,9440
2022-06-04,9603
2022-06-05,9843
2022-06-06,9560
2022-06-07,8767
2022-06-08,9038
2022-06-09,8481
2022-06-10,9464
2022-06-11,9376
2022-06-12,9007
2022-06-13,9187
2022-06-14,9361
2022-06-15,8862
2022-06-16,8179
2022-06-17,9337
2022-06-18,9098
2022-06-19,10708
2022-06-20,8351
2022-06-21,8599
2022-06-22,8004
2022-06-23,8824
2022-06-24,8871
2022-06-25,8996
2022-06-26,9493
2022-06-27,8400
2022-06-28,8966
2022-06-29,9017
2022-06-30,8751
2022-07-01,8576
2022-07-02,7245
2022-07-03,8641
2022-07-04,12064
2022-07-05,10452
2022-07-06,8916
2022-07-07,9621
2022-07-08,8556
2022-07-09,9012
2022-07-10,9615
2022-07-11,8775
2022-07-12,8260
2022-07-13,8777
2022-07-14,8867
2022-07-15,8571
2022-07-16,8838
2022-07-17,9875
2022-07-18,10733
2022-07-19,9869
2022-07-20,8775
2022-07-21,8920
2022-07-22,8761
2022-07-23,8753
2022-07-24,10593
2022-07-25,11772
2022-07-26,11114
2022-07-27,10643
2022-07-28,9971
2022-07-29,10096
2022-07-30,9317
2022-07-31,10450
2022-08-01,11439
2022-08-02,8515
2022-08-03,7605
2022-08-04,7978
2022-08-05,8356
2022-08-06,8463
2022-08-07,7546
2022-08-08,8133
2022-08-09,8040
2022-08-10,7824
2022-08-11,7903
2022-08-12,8428
2022-08-13,8167
2022-08-14,8310
2022-08-15,8831
2022-08-16,9090
2022-08-17,7826
2022-08-18,8262
2022-08-19,8218
2022-08-20,8057
2022-08-21,8051
2022-08-22,13095
2022-08-23,8157
2022-08-24,8272
2022-08-25,8697
2022-08-26,7915
2022-08-27,8081
2022-08-28,10627
2022-08-29,10226
2022-08-30,10468
2022-08-31,8638
2022-09-01,8655
2022-09-02,7949
2022-09-03,7718
2022-09-04,7971
2022-09-05,7004
2022-09-06,7503
2022-09-07,8733
2022-09-08,9178
2022-09-09,9277
2022-09-10,9526
2022-09-11,9576
2022-09-12,11100
2022-09-13,12626
2022-09-14,11508
2022-09-15,11608
2022-09-16,11379
2022-09-17,11686
2022-09-18,8355
2022-09-19,8773
2022-09-20,8864
2022-09-21,8761
2022-09-22,7802
2022-09-23,7989
2022-09-24,8656
2022-09-25,8819
2022-09-26,8015
2022-09-27,7804
2022-09-28,8532
2022-09-29,8235
2022-09-30,8444
2022-10-01,7085
2022-10-02,7309
2022-10-03,10729
2022-10-04,10437
2022-10-05,8694
2022-10-06,9417
2022-10-07,9224
2022-10-08,7520
2022-10-09,7653
2022-10-10,7174
2022-10-11,8966
2022-10-12,8765
2022-10-13,7878
2022-10-14,8999
2022-10-15,7774
2022-10-16,8798
2022-10-17,8173
2022-10-18,9300
2022-10-19,10033
2022-10-20,9781
2022-10-21,9100
2022-10-22,7793
2022-10-23,6828
2022-10-24,8170
2022-10-25,8473
2022-10-26,8558
2022-10-27,8532
2022-10-28,9467
2022-10-29,8669
2022-10-30,8540
2022-10-31,9223
2022-11-01,7942
2022-11-02,8542
2022-11-03,8494
2022-11-04,8968
2022-11-05,7900
2022-11-06,7832
2022-11-07,8726
2022-11-08,7782
2022-11-09,9240
2022-11-10,8727
2022-11-11,6821
2022-11-12,7270
2022-11-13,7613
2022-11-14,10818
2022-11-15,9826
2022-11-16,9238
2022-11-17,9067
2022-11-18,8782
2022-11-19,8262
2022-11-20,7817
2022-11-21,10090
2022-11-22,8775
2022-11-23,7840
2022-11-24,5349
2022-11-25,5834
2022-11-26,6374
2022-11-27,6139
2022-11-28,8569
2022-11-29,9487
2022-11-30,8402
2022-12-01,9002
2022-12-02,8771
2022-12-03,7013
2022-12-04,7155
2022-12-05,9008
2022-12-06,8157
2022-12-07,8502
2022-12-08,8500
2022-12-09,8651
2022-12-10,7603
2022-12-11,6936
2022-12-12,9419
2022-12-13,9747
2022-12-14,8774
2022-12-15,8443
2022-12-16,8007
2022-12-17,6964
2022-12-18,7133
2022-12-19,8906
2022-12-20,8789
2022-12-21,8949
2022-12-22,7864
2022-12-23,9561
2022-12-24,10793
2022-12-25,8109
2022-12-26,8998
2022-12-27,10250
2022-12-28,9036
2022-12-29,8279
2022-12-30,7582
2022-12-31,5742
2023-01-01,6209
2023-01-02,6677
2023-01-03,8254
2023-01-04,8461
2023-01-05,8412
2023-01-06,7962
2023-01-07,7075
2023-01-08,6759
2023-01-09,8589
2023-01-10,8548
2023-01-11,8613
2023-01-12,8092
2023-01-13,7790
2023-01-14,7164
2023-01-15,6835
2023-01-16,7046
2023-01-17,9277
2023-01-18,8528
2023-01-19,7987
2023-01-20,8127
2023-01-21,6699
2023-01-22,6449
2023-01-23,7998
2023-01-24,8851
2023-01-25,7866
2023-01-26,8939
2023-01-27,8175
2023-01-28,6936
2023-01-29,6999
2023-01-30,8455
2023-01-31,8381
2023-02-01,8686
2023-02-02,9077
2023-02-03,9859
2023-02-04,10926
2023-02-05,7869
2023-02-06,8848
2023-02-07,8703
2023-02-08,8310
2023-02-09,8231
2023-02-10,8031
2023-02-11,7046
2023-02-12,7038
2023-02-13,7741
2023-02-14,8028
2023-02-15,8489
2023-02-16,8078
2023-02-17,7747
2023-02-18,7202
2023-02-19,6630
2023-02-20,6587
2023-02-21,8023
2023-02-22,7637
2023-02-23,7729
2023-02-24,7820
2023-02-25,7372
2023-02-26,6785
2023-02-27,8399
2023-02-28,8117
2023-03-01,7495
2023-03-02,8123
2023-03-03,7865
2023-03-04,7276
2023-03-05,6818
2023-03-06,8772
2023-03-07,8396
2023-03-08,8781
2023-03-09,8919
2023-03-10,8014
2023-03-11,6534
2023-03-12,6791
2023-03-13,8132
2023-03-14,8566
2023-03-15,8667
2023-03-16,8486
2023-03-17,8482
2023-03-18,7094
2023-03-19,7148
2023-03-20,8993
2023-03-21,8807
2023-03-22,10071
2023-03-23,7993
2023-03-24,8615
2023-03-25,6762
2023-03-26,7258
2023-03-27,8410
2023-03-28,8721
2023-03-29,8893
2023-03-30,8654
2023-03-31,8193
2023-04-01,6517
2023-04-02,6296
2023-04-03,7886
2023-04-04,8417
2023-04-05,8260
2023-04-06,8480
2023-04-07,7536
2023-04-08,6947
2023-04-09,6293
2023-04-10,8200
2023-04-11,8209
2023-04-12,9003
2023-04-13,9106
2023-04-14,9520
2023-04-15,8222
2023-04-16,7991
2023-04-17,8756
2023-04-18,9100
2023-04-19,9220
2023-04-20,9006
2023-04-21,8381
2023-04-22,7387
2023-04-23,7709
2023-04-24,9035
2023-04-25,9569
2023-04-26,9007
2023-04-27,8383
2023-04-28,8479
2023-04-29,7726
2023-04-30,8647
2023-05-01,10955
2023-05-02,9804
2023-05-03,9260
2023-05-04,8266
2023-05-05,9241
2023-05-06,9374
2023-05-07,9065
2023-05-08,8558
2023-05-09,9259
2023-05-10,8994
2023-05-11,9050
2023-05-12,9642
2023-05-13,9485
2023-05-14,8627
2023-05-15,9299
2023-05-16,9135
2023-05-17,8831
2023-05-18,8722
2023-05-19,8815
2023-05-20,6962
2023-05-21,8908
2023-05-22,9425
2023-05-23,9165
2023-05-24,8541
2023-05-25,8412
2023-05-26,8650
2023-05-27,7516
2023-05-28,8842
2023-05-29,8196
2023-05-30,9781
2023-05-31,9003
2023-06-01,9193
2023-06-02,10015
2023-06-03,6810
2023-06-04,7426
2023-06-05,7770
2023-06-06,9051
2023-06-07,8254
2023-06-08,7267
2023-06-09,7971
2023-06-10,8574
2023-06-11,9400
2023-06-12,9244
2023-06-13,9184
2023-06-14,8200
2023-06-15,8863
2023-06-16,8588
2023-06-17,8433
2023-06-18,9321
2023-06-19,8512
2023-06-20,9758
2023-06-21,9590
2023-06-22,8701
2023-06-23,8851
2023-06-24,8782
2023-06-25,9515
2023-06-26,9515
2023-06-27,9206
2023-06-28,9189
2023-06-29,9262
2023-06-30,8601
2023-07-01,8272
2023-07-02,7984
2023-07-03,8859
2023-07-04,10957
2023-07-05,10677
2023-07-06,9622
2023-07-07,9140
2023-07-08,8309
2023-07-09,7862
2023-07-10,9739
2023-07-11,9549
2023-07-12,9723
2023-07-13,9612
2023-07-14,9043
2023-07-15,7812
2023-07-16,7605
2023-07-17,9946
2023-07-18,9673
2023-07-19,9597
2023-07-20,9714
2023-07-21,8927
2023-07-22,8713
2023-07-23,9389
2023-07-24,9261
2023-07-25,9676
2023-07-26,9307
2023-07-27,9465
2023-07-28,9532
2023-07-29,8473
2023-07-30,9259
2023-07-31,9834
2023-08-01,9744
2023-08-02,9217
2023-08-03,9128
2023-08-04,9047
2023-08-05,8746
2023-08-06,8771
2023-08-07,8981
2023-08-08,9137
2023-08-09,9150
2023-08-10,8460
2023-08-11,9290
2023-08-12,8696
2023-08-13,8904
2023-08-14,9647
2023-08-15,9245
2023-08-16,9314
2023-08-17,9263
2023-08-18,9989
2023-08-19,8951
2023-08-20,9310
2023-08-21,9467
2023-08-22,9071
2023-08-23,8977
2023-08-24,8003
2023-08-25,8427
2023-08-26,8899
2023-08-27,8726
2023-08-28,9407
2023-08-29,9117
2023-08-30,9097
2023-08-31,8910
2023-09-01,7476
2023-09-02,8573
2023-09-03,8501
2023-09-04,8155
2023-09-05,9722
2023-09-06,9472
2023-09-07,9838
2023-09-08,9536
2023-09-09,8669
2023-09-10,7998
2023-09-11,10212
2023-09-12,10393
2023-09-13,9559
2023-09-14,8290
2023-09-15,3772
2023-09-16,9254
2023-09-17,8891
2023-09-18,8692
2023-09-19,9742
2023-09-20,9377
2023-09-21,9410
2023-09-22,9617
2023-09-23,3316
2023-09-24,6648
2023-09-25,8019
2023-09-26,9011
2023-09-27,8938
2023-09-28,8860
2023-09-29,8984
2023-09-30,8671
2023-10-01,9953
2023-10-02,10575
2023-10-03,10462
2023-10-04,8584
2023-10-05,8936
2023-10-06,8322
2023-10-07,6939
2023-10-08,7800
2023-10-09,8367
2023-10-10,9520
2023-10-11,9550
2023-10-12,9370
2023-10-13,9729
2023-10-14,7358
2023-10-15,8282
2023-10-16,10779
2023-10-17,10210
2023-10-18,9990
2023-10-19,9823
2023-10-20,8379
2023-10-21,7730
2023-10-22,8379
2023-10-23,10853
2023-10-24,10036
2023-10-25,9449
2023-10-26,9671
2023-10-27,10046
2023-10-28,9026
2023-10-29,7794
2023-10-30,9737
2023-10-31,11257
2023-11-01,11269
2023-11-02,11285
2023-11-03,10154
2023-11-04,8130
2023-11-05,8132
2023-11-06,9939
2023-11-07,8862
2023-11-08,10091
2023-11-09,9445
2023-11-10,9262
2023-11-11,7861
2023-11-12,8751
2023-11-13,10628
2023-11-14,9713
2023-11-15,9552
2023-11-16,9182
2023-11-17,9130
2023-11-18,7871
2023-11-19,7756
2023-11-20,10175
2023-11-21,9391
2023-11-22,9119
2023-11-23,6161
2023-11-24,7431
2023-11-25,8015
2023-11-26,5172
2023-11-27,483
2023-11-28,11253
2023-11-29,11338
2023-11-30,10186
2023-12-01,9525
2023-12-02,8192
2023-12-03,7303
2023-12-04,9847
2023-12-05,10057
2023-12-06,10262
2023-12-07,10712
2023-12-08,9311
2023-12-09,8047
2023-12-10,7233
2023-12-11,10082
2023-12-12,10818
2023-12-13,10179
2023-12-14,9624
2023-12-15,10192
2023-12-16,7761
2023-12-17,7104
2023-12-18,11150
2023-12-19,9897
2023-12-20,9605
2023-12-21,8968
2023-12-22,9128
2023-12-23,7043
2023-12-24,6407
2023-12-25,5574
2023-12-26,7778
2023-12-27,7521
2023-12-28,8101
2023-12-29,8096
2023-12-30,6969
2023-12-31,6667
2024-01-01,7216
2024-01-02,9399
2024-01-03,9435
2024-01-04,9679
2024-01-05,9791
2024-01-06,7743
2024-01-07,6643
2024-01-08,9667
2024-01-09,9576
2024-01-10,10910
2024-01-11,9587
2024-01-12,8836
2024-01-13,7458
2024-01-14,8059
2024-01-15,9127
2024-01-16,9540
2024-01-17,11541
2024-01-18,12439
2024-01-19,9290
2024-01-20,8012
2024-01-21,8630
2024-01-22,10355
2024-01-23,9589
2024-01-24,9007
2024-01-25,9498
2024-01-26,9231
2024-01-27,8017
2024-01-28,7291
2024-01-29,9758
2024-01-30,9862
2024-01-31,9369
2024-02-01,9613
2024-02-02,8470
2024-02-03,7293
2024-02-04,7151
2024-02-05,9345
2024-02-06,9347
2024-02-07,8937
2024-02-08,8747
2024-02-09,8412
2024-02-10,7893
2024-02-11,7314
2024-02-12,5568
2024-02-13,7256
2024-02-14,8157
2024-02-15,8370
2024-02-16,8360
2024-02-17,6390
2024-02-18,7066
2024-02-19,7535
2024-02-20,8472
2024-02-21,8764
2024-02-22,8389
2024-02-23,8572
2024-02-24,7065
2024-02-25,7149
2024-02-26,8862
2024-02-27,8731
2024-02-28,8278
2024-02-29,8915
2024-03-01,8848
2024-03-02,6977
2024-03-03,8252
2024-03-04,8991
2024-03-05,8116
2024-03-06,8563
2024-03-07,8882
2024-03-08,8775
2024-03-09,7306
2024-03-10,7547
2024-03-11,9492
2024-03-12,9815
2024-03-13,9356
2024-03-14,9428
2024-03-15,8842
2024-03-16,7455
2024-03-17,7566
2024-03-18,8035
2024-03-19,11374
2024-03-20,9178
2024-03-21,9124
2024-03-22,8877
2024-03-23,7594
2024-03-24,7901
2024-03-25,9265
2024-03-26,9328
2024-03-27,8746
2024-03-28,7307
2024-03-29,7756
2024-03-30,7247
2024-03-31,7264
2024-04-01,9009
2024-04-02,7978
2024-04-03,9396
2024-04-04,9910
2024-04-05,9130
2024-04-06,7488
2024-04-07,7663
2024-04-08,8882
2024-04-09,9627
2024-04-10,9313
2024-04-11,6544
2024-04-12,7228
2024-04-13,6619
2024-04-14,7667
2024-04-15,15728
2024-04-16,10269
2024-04-17,9164
2024-04-18,8778
2024-04-19,9247
2024-04-20,7938
2024-04-21,7928
2024-04-22,9278
2024-04-23,8457
2024-04-24,8592
2024-04-25,8471
2024-04-26,8668
2024-04-27,7210
2024-04-28,8776
2024-04-29,9703
2024-04-30,8473
2024-05-01,9234
2024-05-02,9293
2024-05-03,8683
2024-05-04,8015
2024-05-05,7097
2024-05-06,9644
2024-05-07,10031
2024-05-08,9439
2024-05-09,8992
2024-05-10,8200
2024-05-11,7858
2024-05-12,7153
2024-05-13,9259
2024-05-14,9599
2024-05-15,8031
2024-05-16,8968
2024-05-17,9893
2024-05-18,8037
2024-05-19,9236
2024-05-20,9995
2024-05-21,9716
2024-05-22,9891
2024-05-23,9155
2024-05-24,9642
2024-05-25,8337
2024-05-26,8797
2024-05-27,6912
2024-05-28,10262
2024-05-29,9661
2024-05-30,9550
2024-05-31,9922
2024-06-01,9860
2024-06-02,9958
2024-06-03,11119
2024-06-04,10334
2024-06-05,10579
2024-06-06,9612
2024-06-07,9991
2024-06-08,8721
2024-06-09,10265
2024-06-10,10372
2024-06-11,9837
2024-06-12,9627
2024-06-13,9675
2024-06-14,9126
2024-06-15,9613
2024-06-16,10982
2024-06-17,10487
2024-06-18,9632
2024-06-19,8981
2024-06-20,10366
2024-06-21,10284
2024-06-22,9149
2024-06-23,9862
2024-06-24,11254
2024-06-25,10579
2024-06-26,10301
2024-06-27,10775
2024-06-28,10919
2024-06-29,9244
2024-06-30,8312
2024-07-01,10166
2024-07-02,10181
2024-07-03,9718
2024-07-04,10556
2024-07-05,10103
2024-07-06,8403
2024-07-07,8574
2024-07-08,10077
2024-07-09,9922
2024-07-10,9879
2024-07-11,7712
2024-07-12,7003
2024-07-13,7135
2024-07-14,11468
2024-07-15,9574
2024-07-16,9846
2024-07-17,8854
2024-07-18,6957
2024-07-19,8120
2024-07-20,8712
2024-07-21,8393
2024-07-22,9578
2024-07-23,9135
2024-07-24,9138
2024-07-25,9775
2024-07-26,9265
2024-07-27,9113
2024-07-28,4667
2024-07-29,10166
2024-07-30,9666
2024-07-31,10292
2024-08-01,9116
2024-08-02,8901
2024-08-03,7765
2024-08-04,8043
2024-08-05,10422
2024-08-06,9683
2024-08-07,8904
2024-08-08,8336
2024-08-09,10217
2024-08-10,8730
2024-08-11,9560
2024-08-12,9945
2024-08-13,9488
2024-08-14,9438
2024-08-15,9026
2024-08-16,9416
2024-08-17,8270
2024-08-18,7557
2024-08-19,9606
2024-08-20,9407
2024-08-21,8979
2024-08-22,9206
2024-08-23,8962
2024-08-24,8651
2024-08-25,8658
2024-08-26,9203
2024-08-27,9238
2024-08-28,8989
2024-08-29,9015
2024-08-30,8774
2024-08-31,8783
2024-09-01,9110
2024-09-02,8640
2024-09-03,10010
2024-09-04,9663
2024-09-05,9765
2024-09-06,10534
2024-09-07,9673
2024-09-08,10006
2024-09-09,10135
2024-09-10,10096
2024-09-11,9321
2024-09-12,10853
2024-09-13,10926
2024-09-14,10670
2024-09-15,14476
2024-09-16,12898
2024-09-17,9998
2024-09-18,9760
2024-09-19,9910
2024-09-20,9778
2024-09-21,9198
2024-09-22,10852
2024-09-23,13134
2024-09-24,9587
2024-09-25,9349
2024-09-26,9099
2024-09-27,10023
2024-09-28,7355
2024-09-29,7572
2024-09-30,10259
2024-10-01,9317
2024-10-02,9437
2024-10-03,8724
2024-10-04,9951
2024-10-05,10331
2024-10-06,8660
2024-10-07,9993
2024-10-08,9280
2024-10-09,8989
2024-10-10,9411
2024-10-11,9746
2024-10-12,8185
2024-10-13,9036
2024-10-14,8344
2024-10-15,10767
2024-10-16,11111
2024-10-17,10428
2024-10-18,9891
2024-10-19,8934
2024-10-20,8839
2024-10-21,10337
2024-10-22,10143
2024-10-23,9565
2024-10-24,8721
2024-10-25,9111
2024-10-26,9462
2024-10-27,9572
2024-10-28,12336
2024-10-29,11799
2024-10-30,10313
2024-10-31,10370
2024-11-01,9664
2024-11-02,9629
2024-11-03,9150
2024-11-04,11797
2024-11-05,8512
2024-11-06,8816
2024-11-07,8884
2024-11-08,9086
2024-11-09,8983
2024-11-10,8239
2024-11-11,7741
2024-11-12,10377
2024-11-13,10925
2024-11-14,11033
2024-11-15,9745
2024-11-16,8343
2024-11-17,8210
2024-11-18,11852
2024-11-19,14333
2024-11-20,13709
2024-11-21,9897
2024-11-22,10636
2024-11-23,8706
2024-11-24,8703
2024-11-25,10494
2024-11-26,8833
2024-11-27,8611
2024-11-28,6412
2024-11-29,8857
2024-11-30,8732
2024-12-01,9587
2024-12-02,11249
2024-12-03,11081
2024-12-04,10699
2024-12-05,10544
2024-12-06,10485
2024-12-07,8506
2024-12-08,8128
2024-12-09,8776
2024-12-10,9020
2024-12-11,8739
2024-12-12,10997
2024-12-13,10863
2024-12-14,9380
2024-12-15,9668
2024-12-16,14249
2024-12-17,13149
2024-12-18,8865
2024-12-19,9166
2024-12-20,9337
2024-12-21,8174
2024-12-22,11410
2024-12-23,12650
2024-12-24,8526
2024-12-25,6327
2024-12-26,8574
2024-12-27,8470
2024-12-28,7469
2024-12-29,11034
2024-12-30,11466
2024-12-31,11635
2025-01-01,10640
2025-01-02,13613
2025-01-03,11554
2025-01-04,11324
2025-01-05,13286
2025-01-06,13903
2025-01-07,14714
2025-01-08,11543
2025-01-09,13486
2025-01-10,14095
2025-01-11,11319
2025-01-12,11519
2025-01-13,12827
2025-01-14,9804
2025-01-15,9864
2025-01-16,10095
2025-01-17,9353
2025-01-18,7824
2025-01-19,7680
2025-01-20,9258
2025-01-21,13514
2025-01-22,13486
2025-01-23,11189
2025-01-24,12166
2025-01-25,3018
2025-01-26,7818
2025-01-27,9767
2025-01-28,9583
2025-01-29,8889
2025-01-30,9585
2025-01-31,8819
2025-02-01,8107
2025-02-02,8255
2025-02-03,9297
2025-02-04,10214
2025-02-05,9584
2025-02-06,8546
2025-02-07,8902
2025-02-08,7760
2025-02-09,7983
2025-02-10,9904
2025-02-11,8167
2025-02-12,8825
2025-02-13,9162
2025-02-14,8915
2025-02-15,7545
2025-02-16,7368
2025-02-17,9068
2025-02-18,10521
2025-02-19,11280
2025-02-20,9739
2025-02-21,9150
2025-02-22,8602
2025-02-23,8800
2025-02-24,9882
2025-02-25,9420
2025-02-26,8884
2025-02-27,8736
2025-02-28,8468
2025-03-01,7901
2025-03-02,8194
2025-03-03,9268
2025-03-04,8882
2025-03-05,8444
2025-03-06,9208
2025-03-07,6825
2025-03-08,8911
2025-03-09,7058
2025-03-10,9223
2025-03-11,9795
2025-03-12,9420
2025-03-13,9346
2025-03-14,9038
2025-03-15,8304
2025-03-16,7219
2025-03-17,10290
2025-03-18,9594
2025-03-19,9495
2025-03-20,8724
2025-03-21,9325
2025-03-22,8143
2025-03-23,8261
2025-03-24,8859
2025-03-25,9366
2025-03-26,9111
2025-03-27,8990
2025-03-28,9380
2025-03-29,8272
2025-03-30,8491
2025-03-31,8212
2025-04-01,8717
2025-04-02,9479
2025-04-03,9128
2025-04-04,9592
2025-04-05,7873
2025-04-06,7728
2025-04-07,8884
2025-04-08,9183
2025-04-09,9517
2025-04-10,8998
2025-04-11,8176
2025-04-12,7140
2025-04-13,7951
2025-04-14,9080
2025-04-15,9087
2025-04-16,8896
2025-04-17,8619
2025-04-18,9222
2025-04-19,9375
2025-04-20,8313
2025-04-21,8905
2025-04-22,9682
2025-04-23,9358
2025-04-24,9514
2025-04-25,9975
2025-04-26,8178
2025-04-27,8288
2025-04-28,9898
2025-04-29,9653
2025-04-30,9755
2025-05-01,9574
2025-05-02,9989
2025-05-03,9226
2025-05-04,8042
2025-05-05,8824
2025-05-06,9082
2025-05-07,9765
2025-05-08,9824
2025-05-09,5723
2025-05-10,9838
2025-05-11,10304
2025-05-12,10462
2025-05-13,8985
2025-05-14,8139
2025-05-15,10030
2025-05-16,7978
2025-05-17,10231
2025-05-18,9862
2025-05-19,9993
2025-05-20,9922
2025-05-21,8807
2025-05-22,8528
2025-05-23,9170
2025-05-24,8326
2025-05-25,8827
2025-05-26,9093
2025-05-27,9917
2025-05-28,8520
2025-05-29,8774
2025-05-30,9970
2025-05-31,9007
2025-06-01,9504
2025-06-02,9681
2025-06-03,9596
2025-06-04,10101
2025-06-05,10206
2025-06-06,10443
2025-06-07,9002
2025-06-08,9340
2025-06-09,9564
2025-06-10,9527
2025-06-11,10454
2025-06-12,8936
2025-06-13,9212
2025-06-14,7469
2025-06-15,7971
2025-06-16,7860
2025-06-17,7592
2025-06-18,7972
2025-06-19,7942
2025-06-20,8962
2025-06-21,9343
2025-06-22,9016
2025-06-23,10116
2025-06-24,11205
2025-06-25,10662
2025-06-26,9032
2025-06-27,8634
2025-06-28,8543
2025-06-29,8891
2025-06-30,8686
2025-07-01,7921
2025-07-02,8401
2025-07-03,8577
2025-07-04,10710
2025-07-05,10632
2025-07-06,8496
2025-07-07,8155
2025-07-08,8231
2025-07-09,8149
2025-07-10,8333
2025-07-11,8387
2025-07-12,8613
2025-07-13,9029
2025-07-14,8271
2025-07-15,8573
2025-07-16,8648
2025-07-17,8012
2025-07-18,8593
2025-07-19,8494
2025-07-20,8675
2025-07-21,8755
2025-07-22,8567
2025-07-23,8190
2025-07-24,8292
2025-07-25,8631
2025-07-26,8859
2025-07-27,8952
2025-07-28,9085
2025-07-29,8993
2025-07-30,8272
2025-07-31,8062
2025-08-01,8514
2025-08-02,9539
2025-08-03,9099
2025-08-04,8718
2025-08-05,8410
2025-08-06,8161
2025-08-07,7847
2025-08-08,8347
2025-08-09,8827
2025-08-10,8819
2025-08-11,8570
2025-08-12,8297
2025-08-13,8194
2025-08-14,8475
2025-08-15,8533
2025-08-16,8315
2025-08-17,7865
2025-08-18,8144
2025-08-19,8333
2025-08-20,6814
2025-08-21,7616
2025-08-22,8499
2025-08-23,9165
2025-08-24,8448
2025-08-25,8190
2025-08-26,8243
2025-08-27,8555
2025-08-28,9402
2025-08-29,9292
2025-08-30,9250
2025-08-31,9699
2025-09-01,9282
2025-09-02,9850
2025-09-03,9991
2025-09-04,10035
2025-09-05,10174
2025-09-06,8815
2025-09-07,8417
2025-09-08,10576
2025-09-09,10457
2025-09-10,9547
2025-09-11,9913
2025-09-12,10008
2025-09-13,9878
2025-09-14,9730
2025-09-15,10194
2025-09-16,8497
2025-09-17,9287
2025-09-18,9836
2025-09-19,10182
2025-09-20,10079
2025-09-21,10120
2025-09-22,11206
2025-09-23,10022
2025-09-24,9164
2025-09-25,9212
2025-09-26,10844
2025-09-27,9442
2025-09-28,10266
2025-09-29,10525
2025-09-30,10958
2025-10-01,9747
2025-10-02,8976
2025-10-03,11083
2025-10-04,9565
2025-10-05,9499
2025-10-06,11106
2025-10-07,10560
2025-10-08,10663
2025-10-09,9899
2025-10-10,9666
2025-10-11,9535
2025-10-12,9921
2025-10-13,11139
2025-10-14,11318
2025-10-15,11773
2025-10-16,12470
2025-10-17,11237
2025-10-18,9850
2025-10-19,10352
2025-10-20,9849
2025-10-21,11155
2025-10-22,9905
2025-10-23,10668
2025-10-24,10382
2025-10-25,10347
2025-10-26,11440
2025-10-27,12198
2025-10-28,11056
2025-10-29,8288
2025-10-30,12813
2025-10-31,11694
2025-11-01,10416
2025-11-02,9356
2025-11-03,10891
2025-11-04,9491
2025-11-05,10222
2025-11-06,10890
2025-11-07,10308
2025-11-08,9347
2025-11-09,8056
2025-11-10,11203
2025-11-11,12043
2025-11-12,13286
2025-11-13,10387
2025-11-14,9983
2025-11-15,8797
2025-11-16,8839
2025-11-17,11402
2025-11-18,10588
2025-11-19,10050
2025-11-20,10775
2025-11-21,9946
2025-11-22,8429
2025-11-23,8958
2025-11-24,10015
2025-11-25,9215
2025-11-26,9876
2025-11-27,8045
2025-11-28,10186
2025-11-29,10023
2025-11-30,9764
2025-12-01,12099
2025-12-02,11992
2025-12-03,12273
